OrderID,OrderDate,ProductID,StoreID,Quantity,UnitPrice,DiscountPct,UnitCost
ORD-0001,2025-09-01,12,2,3,3200,0,2080.0
ORD-0002,2025-10-22,12,3,1,3200,0.15,2080.0
ORD-0003,2025-01-07,4,2,1,6800,0.15,5032.0
ORD-0004,2025-10-18,7,4,2,340,0.1,153.0
ORD-0005,2025-11-01,3,2,4,4500,0.05,3060.0
ORD-0006,2025-04-25,6,3,1,3800,0,2660.0
ORD-0007,2025-06-12,10,5,3,1800,0,1080.0
ORD-0008,2025-08-30,7,2,1,340,0.15,153.0
ORD-0009,2025-09-29,6,1,2,3800,0,2660.0
ORD-0010,2025-04-10,2,3,2,2400,0,1488.0
ORD-0011,2025-07-27,6,3,2,3800,0.05,2660.0
ORD-0012,2025-10-23,11,5,1,650,0.15,331.5
ORD-0013,2025-08-08,3,2,4,4500,0.1,3060.0
ORD-0014,2025-12-23,9,7,2,720,0.05,396.0
ORD-0015,2025-11-08,1,2,3,52000,0.1,40560.0
ORD-0016,2025-04-19,12,5,3,3200,0,2080.0
ORD-0017,2025-06-30,11,2,4,650,0,331.5
ORD-0018,2025-04-18,9,3,3,720,0.15,396.0
ORD-0019,2025-09-12,4,4,2,6800,0.15,5032.0
ORD-0020,2025-11-28,2,6,2,2400,0,1488.0
ORD-0021,2025-07-03,7,8,4,340,0.15,153.0
ORD-0022,2025-08-18,1,6,1,52000,0.15,40560.0
ORD-0023,2025-11-11,2,1,3,2400,0.1,1488.0
ORD-0024,2025-01-24,12,6,3,3200,0.15,2080.0
ORD-0025,2025-08-04,11,4,3,650,0.15,331.5
ORD-0026,2025-03-25,3,2,1,4500,0.15,3060.0
ORD-0027,2025-01-30,6,1,3,3800,0,2660.0
ORD-0028,2025-12-31,2,6,1,2400,0.1,1488.0
ORD-0029,2025-12-18,3,8,2,4500,0.1,3060.0
ORD-0030,2025-03-17,10,8,4,1800,0,1080.0
ORD-0031,2025-11-23,4,8,3,6800,0.1,5032.0
ORD-0032,2025-10-15,9,2,4,720,0,396.0
ORD-0033,2025-02-01,10,2,2,1800,0.15,1080.0
ORD-0034,2025-02-21,1,7,2,52000,0,40560.0
ORD-0035,2025-11-03,9,5,2,720,0.05,396.0
ORD-0036,2025-04-05,12,6,4,3200,0,2080.0
ORD-0037,2025-11-07,2,3,1,2400,0.1,1488.0
ORD-0038,2025-07-28,12,1,1,3200,0,2080.0
ORD-0039,2025-10-26,2,2,2,2400,0,1488.0
ORD-0040,2025-07-14,3,2,3,4500,0.1,3060.0
ORD-0041,2025-12-15,9,5,1,720,0,396.0
ORD-0042,2025-08-01,2,3,2,2400,0,1488.0
ORD-0043,2025-07-28,7,3,1,340,0,153.0
ORD-0044,2025-12-09,8,5,3,190,0.1,79.8
ORD-0045,2025-10-26,9,2,4,720,0,396.0
ORD-0046,2025-04-02,10,1,1,1800,0.05,1080.0
ORD-0047,2025-09-17,9,8,2,720,0,396.0
ORD-0048,2025-02-06,2,3,1,2400,0,1488.0
ORD-0049,2025-12-19,4,1,1,6800,0.15,5032.0
ORD-0050,2025-10-19,9,2,3,720,0.05,396.0
ORD-0051,2025-10-08,5,5,4,9200,0,7084.0
ORD-0052,2025-05-11,2,5,1,2400,0.1,1488.0
ORD-0053,2025-09-04,2,2,2,2400,0.15,1488.0
ORD-0054,2025-12-29,2,2,2,2400,0.05,1488.0
ORD-0055,2025-07-18,12,8,3,3200,0.15,2080.0
ORD-0056,2025-11-17,1,8,3,52000,0,40560.0
ORD-0057,2025-03-04,2,2,2,2400,0.05,1488.0
ORD-0058,2025-04-11,4,3,3,6800,0.15,5032.0
ORD-0059,2025-12-28,1,7,1,52000,0.1,40560.0
ORD-0060,2025-01-11,3,6,3,4500,0,3060.0
ORD-0061,2025-08-14,9,1,1,720,0,396.0
ORD-0062,2025-12-29,3,4,1,4500,0.05,3060.0
ORD-0063,2025-03-05,1,7,3,52000,0.05,40560.0
ORD-0064,2025-11-28,1,5,3,52000,0,40560.0
ORD-0065,2025-10-12,9,6,4,720,0.15,396.0
ORD-0066,2025-12-08,3,1,2,4500,0.1,3060.0
ORD-0067,2025-10-11,7,1,2,340,0.05,153.0
ORD-0068,2025-10-13,1,2,4,52000,0,40560.0
ORD-0069,2025-12-12,5,1,2,9200,0,7084.0
ORD-0070,2025-04-11,5,3,1,9200,0.05,7084.0
ORD-0071,2025-08-22,9,1,3,720,0,396.0
ORD-0072,2025-12-06,10,1,3,1800,0,1080.0
ORD-0073,2025-07-24,6,8,4,3800,0.15,2660.0
ORD-0074,2025-02-19,4,5,3,6800,0,5032.0
ORD-0075,2025-01-30,9,3,2,720,0.05,396.0
ORD-0076,2025-12-30,6,5,3,3800,0,2660.0
ORD-0077,2025-05-10,11,3,4,650,0.05,331.5
ORD-0078,2025-05-05,4,5,4,6800,0.1,5032.0
ORD-0079,2025-12-20,10,4,3,1800,0.1,1080.0
ORD-0080,2025-01-10,4,4,4,6800,0.15,5032.0
ORD-0081,2025-05-15,8,3,2,190,0.15,79.8
ORD-0082,2025-12-26,12,2,2,3200,0,2080.0
ORD-0083,2025-10-20,6,5,1,3800,0,2660.0
ORD-0084,2025-04-07,3,2,1,4500,0,3060.0
ORD-0085,2025-07-28,2,7,4,2400,0.1,1488.0
ORD-0086,2025-09-23,12,3,4,3200,0.1,2080.0
ORD-0087,2025-03-23,1,2,1,52000,0.1,40560.0
ORD-0088,2025-11-23,9,4,4,720,0,396.0
ORD-0089,2025-12-04,8,5,2,190,0.1,79.8
ORD-0090,2025-12-20,6,6,4,3800,0.15,2660.0
ORD-0091,2025-12-14,9,6,4,720,0,396.0
ORD-0092,2025-07-09,4,3,3,6800,0.15,5032.0
ORD-0093,2025-04-15,2,2,3,2400,0,1488.0
ORD-0094,2025-05-18,2,2,2,2400,0,1488.0
ORD-0095,2025-10-23,4,3,1,6800,0.1,5032.0
ORD-0096,2025-08-14,1,3,2,52000,0.1,40560.0
ORD-0097,2025-11-23,1,1,4,52000,0.1,40560.0
ORD-0098,2025-06-25,7,6,4,340,0.15,153.0
ORD-0099,2025-08-20,4,2,4,6800,0,5032.0
ORD-0100,2025-08-13,6,7,4,3800,0,2660.0
ORD-0101,2025-12-20,9,4,1,720,0.1,396.0
ORD-0102,2025-10-03,11,7,4,650,0,331.5
ORD-0103,2025-03-09,7,3,3,340,0,153.0
ORD-0104,2025-06-29,7,2,3,340,0.1,153.0
ORD-0105,2025-02-01,12,2,1,3200,0.05,2080.0
ORD-0106,2025-02-21,1,2,1,52000,0,40560.0
ORD-0107,2025-01-05,4,5,2,6800,0.1,5032.0
ORD-0108,2025-09-07,8,1,3,190,0.05,79.8
ORD-0109,2025-09-24,12,8,1,3200,0,2080.0
ORD-0110,2025-02-01,5,8,4,9200,0.1,7084.0
ORD-0111,2025-04-19,12,5,2,3200,0,2080.0
ORD-0112,2025-05-22,10,6,1,1800,0.15,1080.0
ORD-0113,2025-06-14,11,4,3,650,0,331.5
ORD-0114,2025-06-28,7,3,4,340,0,153.0
ORD-0115,2025-06-29,8,1,2,190,0.1,79.8
ORD-0116,2025-08-21,5,3,4,9200,0.1,7084.0
ORD-0117,2025-10-09,6,2,2,3800,0,2660.0
ORD-0118,2025-07-25,8,1,4,190,0.05,79.8
ORD-0119,2025-11-06,8,6,2,190,0.05,79.8
ORD-0120,2025-06-29,10,1,3,1800,0.15,1080.0
ORD-0121,2025-12-03,4,4,4,6800,0.1,5032.0
ORD-0122,2025-04-16,11,6,4,650,0.1,331.5
ORD-0123,2025-02-08,7,5,2,340,0.05,153.0
ORD-0124,2025-06-18,9,8,3,720,0.1,396.0
ORD-0125,2025-08-12,12,2,4,3200,0.05,2080.0
ORD-0126,2025-04-24,4,6,3,6800,0,5032.0
ORD-0127,2025-12-23,3,6,2,4500,0,3060.0
ORD-0128,2025-05-19,9,7,3,720,0,396.0
ORD-0129,2025-05-12,3,5,3,4500,0,3060.0
ORD-0130,2025-03-02,1,5,3,52000,0,40560.0
ORD-0131,2025-11-04,1,3,3,52000,0.1,40560.0
ORD-0132,2025-06-02,5,7,4,9200,0,7084.0
ORD-0133,2025-06-03,10,1,1,1800,0,1080.0
ORD-0134,2025-09-10,2,4,2,2400,0,1488.0
ORD-0135,2025-07-20,10,3,2,1800,0.15,1080.0
ORD-0136,2025-12-10,10,4,4,1800,0.05,1080.0
ORD-0137,2025-01-31,12,5,1,3200,0,2080.0
ORD-0138,2025-05-03,3,4,2,4500,0,3060.0
ORD-0139,2025-03-14,8,1,4,190,0.05,79.8
ORD-0140,2025-05-10,12,5,4,3200,0,2080.0
ORD-0141,2025-12-26,11,1,2,650,0.1,331.5
ORD-0142,2025-04-05,5,1,2,9200,0,7084.0
ORD-0143,2025-11-20,12,1,3,3200,0.1,2080.0
ORD-0144,2025-10-23,7,4,3,340,0.15,153.0
ORD-0145,2025-07-20,1,4,4,52000,0.05,40560.0
ORD-0146,2025-01-08,11,4,1,650,0.05,331.5
ORD-0147,2025-11-06,8,2,4,190,0.05,79.8
ORD-0148,2025-09-21,8,3,1,190,0.1,79.8
ORD-0149,2025-06-22,2,3,2,2400,0.05,1488.0
ORD-0150,2025-08-22,7,1,1,340,0.1,153.0
ORD-0151,2025-04-04,7,3,1,340,0.15,153.0
ORD-0152,2025-01-17,6,6,4,3800,0.1,2660.0
ORD-0153,2025-04-18,3,7,3,4500,0.1,3060.0
ORD-0154,2025-08-01,11,2,2,650,0,331.5
ORD-0155,2025-01-14,2,3,2,2400,0,1488.0
ORD-0156,2025-02-27,3,4,4,4500,0.05,3060.0
ORD-0157,2025-05-27,8,3,4,190,0,79.8
ORD-0158,2025-03-07,10,2,2,1800,0,1080.0
ORD-0159,2025-11-14,6,2,3,3800,0,2660.0
ORD-0160,2025-05-19,10,3,4,1800,0,1080.0
ORD-0161,2025-08-11,9,8,4,720,0.1,396.0
ORD-0162,2025-11-23,4,7,4,6800,0,5032.0
ORD-0163,2025-07-11,12,3,4,3200,0.1,2080.0
ORD-0164,2025-10-27,11,8,2,650,0.1,331.5
ORD-0165,2025-03-31,10,7,3,1800,0,1080.0
ORD-0166,2025-07-17,8,3,1,190,0,79.8
ORD-0167,2025-10-05,2,2,4,2400,0.05,1488.0
ORD-0168,2025-10-21,2,3,3,2400,0.15,1488.0
ORD-0169,2025-05-23,8,1,1,190,0.15,79.8
ORD-0170,2025-09-30,5,3,2,9200,0,7084.0
ORD-0171,2025-02-21,12,1,1,3200,0.1,2080.0
ORD-0172,2025-05-01,1,2,3,52000,0,40560.0
ORD-0173,2025-06-05,4,5,4,6800,0.15,5032.0
ORD-0174,2025-03-06,2,5,4,2400,0.15,1488.0
ORD-0175,2025-08-19,3,5,2,4500,0.1,3060.0
ORD-0176,2025-07-22,1,5,4,52000,0.05,40560.0
ORD-0177,2025-03-15,6,5,3,3800,0.1,2660.0
ORD-0178,2025-07-10,4,1,4,6800,0.1,5032.0
ORD-0179,2025-06-12,10,1,3,1800,0.05,1080.0
ORD-0180,2025-11-13,5,7,1,9200,0.15,7084.0
ORD-0181,2025-11-02,10,6,4,1800,0.05,1080.0
ORD-0182,2025-04-26,6,5,2,3800,0,2660.0
ORD-0183,2025-10-24,11,7,2,650,0,331.5
ORD-0184,2025-09-10,8,3,1,190,0.15,79.8
ORD-0185,2025-03-30,5,1,3,9200,0.1,7084.0
ORD-0186,2025-03-18,6,2,3,3800,0,2660.0
ORD-0187,2025-11-16,5,3,3,9200,0,7084.0
ORD-0188,2025-02-25,4,3,4,6800,0.15,5032.0
ORD-0189,2025-11-01,5,3,1,9200,0.1,7084.0
ORD-0190,2025-10-09,10,1,4,1800,0.05,1080.0
ORD-0191,2025-04-01,10,2,3,1800,0.15,1080.0
ORD-0192,2025-02-27,8,1,3,190,0.1,79.8
ORD-0193,2025-01-02,5,1,4,9200,0,7084.0
ORD-0194,2025-12-05,7,5,4,340,0.05,153.0
ORD-0195,2025-10-31,9,6,4,720,0.15,396.0
ORD-0196,2025-03-14,11,5,1,650,0.1,331.5
ORD-0197,2025-12-09,1,3,3,52000,0,40560.0
ORD-0198,2025-12-28,6,4,1,3800,0.05,2660.0
ORD-0199,2025-12-12,1,2,4,52000,0.05,40560.0
ORD-0200,2025-03-28,8,5,1,190,0,79.8
ORD-0201,2025-09-01,1,8,3,52000,0,40560.0
ORD-0202,2025-11-07,2,2,2,2400,0.15,1488.0
ORD-0203,2025-11-11,3,7,1,4500,0.05,3060.0
ORD-0204,2025-03-05,9,1,3,720,0,396.0
ORD-0205,2025-11-05,1,4,3,52000,0,40560.0
ORD-0206,2025-01-09,1,4,2,52000,0.1,40560.0
ORD-0207,2025-10-16,8,4,3,190,0.15,79.8
ORD-0208,2025-07-08,10,2,1,1800,0.15,1080.0
ORD-0209,2025-09-01,1,3,4,52000,0.1,40560.0
ORD-0210,2025-02-23,8,2,1,190,0,79.8
ORD-0211,2025-03-05,5,8,3,9200,0.1,7084.0
ORD-0212,2025-08-15,9,6,4,720,0,396.0
ORD-0213,2025-02-21,11,3,2,650,0.1,331.5
ORD-0214,2025-04-11,8,5,4,190,0.1,79.8
ORD-0215,2025-05-11,11,8,3,650,0.05,331.5
ORD-0216,2025-10-16,2,1,1,2400,0,1488.0
ORD-0217,2025-02-24,6,1,2,3800,0.15,2660.0
ORD-0218,2025-12-18,6,3,1,3800,0.1,2660.0
ORD-0219,2025-10-25,7,4,1,340,0.05,153.0
ORD-0220,2025-06-19,9,5,2,720,0,396.0
ORD-0221,2025-04-04,6,6,3,3800,0,2660.0
ORD-0222,2025-09-26,7,8,1,340,0.15,153.0
ORD-0223,2025-11-09,1,5,2,52000,0.05,40560.0
ORD-0224,2025-05-11,6,7,1,3800,0,2660.0
ORD-0225,2025-09-13,2,1,2,2400,0,1488.0
ORD-0226,2025-08-13,7,1,4,340,0.05,153.0
ORD-0227,2025-05-11,10,1,1,1800,0,1080.0
ORD-0228,2025-11-02,11,3,1,650,0.05,331.5
ORD-0229,2025-07-20,8,2,4,190,0.05,79.8
ORD-0230,2025-08-12,7,5,1,340,0.05,153.0
ORD-0231,2025-09-17,11,2,3,650,0,331.5
ORD-0232,2025-12-02,1,8,2,52000,0.05,40560.0
ORD-0233,2025-11-25,5,1,3,9200,0.05,7084.0
ORD-0234,2025-08-14,3,4,2,4500,0.1,3060.0
ORD-0235,2025-04-18,11,3,3,650,0,331.5
ORD-0236,2025-10-14,1,7,4,52000,0,40560.0
ORD-0237,2025-09-19,7,1,4,340,0.05,153.0
ORD-0238,2025-01-11,3,1,4,4500,0.05,3060.0
ORD-0239,2025-11-08,7,1,4,340,0.15,153.0
ORD-0240,2025-11-24,6,6,2,3800,0.05,2660.0
ORD-0241,2025-02-21,2,3,2,2400,0.05,1488.0
ORD-0242,2025-12-21,3,1,2,4500,0,3060.0
ORD-0243,2025-04-20,3,8,1,4500,0,3060.0
ORD-0244,2025-09-15,10,5,4,1800,0.15,1080.0
ORD-0245,2025-12-11,11,3,3,650,0,331.5
ORD-0246,2025-07-21,5,1,3,9200,0.15,7084.0
ORD-0247,2025-08-10,8,1,4,190,0,79.8
ORD-0248,2025-11-03,11,4,1,650,0.15,331.5
ORD-0249,2025-06-19,9,7,1,720,0.1,396.0
ORD-0250,2025-09-07,6,1,4,3800,0.15,2660.0
ORD-0251,2025-02-04,6,5,1,3800,0.15,2660.0
ORD-0252,2025-01-23,8,4,4,190,0.15,79.8
ORD-0253,2025-03-12,5,6,4,9200,0.1,7084.0
ORD-0254,2025-10-02,11,2,3,650,0,331.5
ORD-0255,2025-08-13,5,7,3,9200,0.15,7084.0
ORD-0256,2025-06-19,11,2,2,650,0.05,331.5
ORD-0257,2025-10-22,7,5,2,340,0.15,153.0
ORD-0258,2025-02-18,7,5,3,340,0,153.0
ORD-0259,2025-11-24,11,4,1,650,0.1,331.5
ORD-0260,2025-01-10,3,8,2,4500,0.05,3060.0
ORD-0261,2025-08-08,3,2,2,4500,0,3060.0
ORD-0262,2025-11-17,9,7,1,720,0.05,396.0
ORD-0263,2025-09-20,7,2,2,340,0,153.0
ORD-0264,2025-10-20,3,3,4,4500,0,3060.0
ORD-0265,2025-10-08,8,2,3,190,0.1,79.8
ORD-0266,2025-04-26,8,5,2,190,0.05,79.8
ORD-0267,2025-09-15,8,4,3,190,0.1,79.8
ORD-0268,2025-07-06,4,1,2,6800,0.05,5032.0
ORD-0269,2025-07-12,9,7,1,720,0.15,396.0
ORD-0270,2025-05-25,3,7,3,4500,0.1,3060.0
ORD-0271,2025-03-14,2,7,2,2400,0.1,1488.0
ORD-0272,2025-12-14,1,3,4,52000,0.15,40560.0
ORD-0273,2025-06-03,6,2,2,3800,0,2660.0
ORD-0274,2025-02-23,11,1,3,650,0,331.5
ORD-0275,2025-05-27,8,3,2,190,0.1,79.8
ORD-0276,2025-01-03,1,7,3,52000,0,40560.0
ORD-0277,2025-08-24,10,6,4,1800,0,1080.0
ORD-0278,2025-04-04,1,5,2,52000,0.1,40560.0
ORD-0279,2025-09-03,2,4,4,2400,0.15,1488.0
ORD-0280,2025-09-19,4,3,2,6800,0.05,5032.0
ORD-0281,2025-09-08,10,5,4,1800,0,1080.0
ORD-0282,2025-02-12,2,7,1,2400,0.1,1488.0
ORD-0283,2025-01-13,6,3,3,3800,0,2660.0
ORD-0284,2025-02-08,12,6,1,3200,0.15,2080.0
ORD-0285,2025-06-02,6,7,3,3800,0,2660.0
ORD-0286,2025-10-23,8,1,2,190,0,79.8
ORD-0287,2025-11-15,1,1,3,52000,0,40560.0
ORD-0288,2025-04-02,6,3,3,3800,0.15,2660.0
ORD-0289,2025-11-16,5,2,1,9200,0,7084.0
ORD-0290,2025-11-02,11,1,3,650,0.05,331.5
ORD-0291,2025-06-29,7,2,4,340,0.1,153.0
ORD-0292,2025-03-23,8,2,3,190,0.15,79.8
ORD-0293,2025-02-14,2,8,4,2400,0.15,1488.0
ORD-0294,2025-03-10,6,2,1,3800,0,2660.0
ORD-0295,2025-05-15,10,5,4,1800,0,1080.0
ORD-0296,2025-06-02,12,8,3,3200,0.15,2080.0
ORD-0297,2025-05-26,1,3,1,52000,0.1,40560.0
ORD-0298,2025-11-22,3,7,1,4500,0,3060.0
ORD-0299,2025-10-15,1,2,2,52000,0,40560.0
ORD-0300,2025-09-12,7,1,1,340,0.15,153.0
ORD-0301,2025-07-12,6,4,4,3800,0,2660.0
ORD-0302,2025-08-13,6,8,3,3800,0,2660.0
ORD-0303,2025-01-06,8,1,4,190,0.15,79.8
ORD-0304,2025-11-23,8,2,2,190,0.15,79.8
ORD-0305,2025-12-16,4,7,1,6800,0,5032.0
ORD-0306,2025-07-29,12,6,4,3200,0,2080.0
ORD-0307,2025-12-11,11,4,3,650,0,331.5
ORD-0308,2025-05-10,3,4,2,4500,0.05,3060.0
ORD-0309,2025-03-07,3,1,2,4500,0.1,3060.0
ORD-0310,2025-08-12,8,7,2,190,0.15,79.8
ORD-0311,2025-02-13,12,3,4,3200,0.15,2080.0
ORD-0312,2025-07-19,2,5,2,2400,0.05,1488.0
ORD-0313,2025-07-22,9,7,3,720,0,396.0
ORD-0314,2025-11-21,10,3,2,1800,0,1080.0
ORD-0315,2025-12-02,2,1,2,2400,0.05,1488.0
ORD-0316,2025-05-23,4,7,3,6800,0.15,5032.0
ORD-0317,2025-11-09,4,5,3,6800,0,5032.0
ORD-0318,2025-09-03,9,8,2,720,0.15,396.0
ORD-0319,2025-03-22,10,1,3,1800,0.15,1080.0
ORD-0320,2025-11-03,1,6,3,52000,0,40560.0
ORD-0321,2025-07-21,1,2,4,52000,0.15,40560.0
ORD-0322,2025-12-16,4,3,4,6800,0.05,5032.0
ORD-0323,2025-10-06,8,3,4,190,0.1,79.8
ORD-0324,2025-06-05,6,8,3,3800,0.05,2660.0
ORD-0325,2025-03-12,9,2,1,720,0.05,396.0
ORD-0326,2025-03-15,4,1,2,6800,0,5032.0
ORD-0327,2025-12-28,10,8,4,1800,0,1080.0
ORD-0328,2025-12-27,6,6,3,3800,0,2660.0
ORD-0329,2025-08-17,8,4,4,190,0.05,79.8
ORD-0330,2025-02-13,9,2,4,720,0,396.0
ORD-0331,2025-06-02,5,7,4,9200,0.15,7084.0
ORD-0332,2025-10-16,5,3,1,9200,0,7084.0
ORD-0333,2025-12-24,6,1,4,3800,0.05,2660.0
ORD-0334,2025-01-18,4,2,3,6800,0.15,5032.0
ORD-0335,2025-06-15,9,5,3,720,0.15,396.0
ORD-0336,2025-02-04,7,4,3,340,0.05,153.0
ORD-0337,2025-06-05,4,1,4,6800,0.15,5032.0
ORD-0338,2025-01-23,6,3,4,3800,0.15,2660.0
ORD-0339,2025-09-17,3,2,3,4500,0.15,3060.0
ORD-0340,2025-06-20,12,2,3,3200,0.15,2080.0
ORD-0341,2025-11-18,8,6,3,190,0.1,79.8
ORD-0342,2025-06-22,2,2,4,2400,0.15,1488.0
ORD-0343,2025-12-28,12,3,1,3200,0.15,2080.0
ORD-0344,2025-12-26,10,4,2,1800,0,1080.0
ORD-0345,2025-03-21,12,7,4,3200,0,2080.0
ORD-0346,2025-04-19,12,1,1,3200,0,2080.0
ORD-0347,2025-05-05,7,4,2,340,0.1,153.0
ORD-0348,2025-09-16,12,4,1,3200,0,2080.0
ORD-0349,2025-09-22,8,8,4,190,0.05,79.8
ORD-0350,2025-07-18,6,5,3,3800,0.05,2660.0
ORD-0351,2025-04-08,5,8,3,9200,0,7084.0
ORD-0352,2025-12-25,5,2,2,9200,0.1,7084.0
ORD-0353,2025-06-30,12,1,3,3200,0.05,2080.0
ORD-0354,2025-10-13,7,2,3,340,0,153.0
ORD-0355,2025-05-23,2,5,3,2400,0.1,1488.0
ORD-0356,2025-10-07,4,5,3,6800,0.15,5032.0
ORD-0357,2025-03-20,12,1,2,3200,0,2080.0
ORD-0358,2025-12-08,11,1,2,650,0,331.5
ORD-0359,2025-06-16,2,8,2,2400,0,1488.0
ORD-0360,2025-12-06,7,5,4,340,0.1,153.0
ORD-0361,2025-11-10,6,7,3,3800,0,2660.0
ORD-0362,2025-02-19,4,3,1,6800,0,5032.0
ORD-0363,2025-11-30,1,2,4,52000,0.1,40560.0
ORD-0364,2025-10-28,5,2,1,9200,0,7084.0
ORD-0365,2025-09-30,6,8,3,3800,0.1,2660.0
ORD-0366,2025-08-16,3,2,4,4500,0.05,3060.0
ORD-0367,2025-02-06,12,5,4,3200,0.05,2080.0
ORD-0368,2025-01-11,5,5,2,9200,0,7084.0
ORD-0369,2025-09-13,7,3,3,340,0,153.0
ORD-0370,2025-02-05,8,1,3,190,0,79.8
ORD-0371,2025-06-15,5,4,3,9200,0.05,7084.0
ORD-0372,2025-09-09,11,1,3,650,0,331.5
ORD-0373,2025-02-10,3,8,4,4500,0.15,3060.0
ORD-0374,2025-12-25,5,3,1,9200,0.05,7084.0
ORD-0375,2025-04-05,8,6,2,190,0.1,79.8
ORD-0376,2025-09-14,12,6,4,3200,0.15,2080.0
ORD-0377,2025-11-25,4,3,1,6800,0.15,5032.0
ORD-0378,2025-10-03,10,7,1,1800,0,1080.0
ORD-0379,2025-12-07,10,2,2,1800,0,1080.0
ORD-0380,2025-08-04,11,3,2,650,0.15,331.5
ORD-0381,2025-12-15,1,4,4,52000,0,40560.0
ORD-0382,2025-07-02,9,5,4,720,0.05,396.0
ORD-0383,2025-06-27,1,1,2,52000,0.15,40560.0
ORD-0384,2025-07-23,2,8,1,2400,0,1488.0
ORD-0385,2025-07-10,7,6,2,340,0,153.0
ORD-0386,2025-12-21,7,3,3,340,0.1,153.0
ORD-0387,2025-12-13,7,1,1,340,0.15,153.0
ORD-0388,2025-11-04,3,1,4,4500,0.15,3060.0
ORD-0389,2025-12-27,1,3,1,52000,0.05,40560.0
ORD-0390,2025-10-14,9,2,4,720,0,396.0
ORD-0391,2025-06-09,4,6,1,6800,0,5032.0
ORD-0392,2025-07-25,1,1,2,52000,0,40560.0
ORD-0393,2025-09-15,10,6,1,1800,0,1080.0
ORD-0394,2025-06-08,9,1,2,720,0,396.0
ORD-0395,2025-12-08,12,4,3,3200,0.15,2080.0
ORD-0396,2025-10-11,4,8,3,6800,0,5032.0
ORD-0397,2025-08-14,5,4,3,9200,0,7084.0
ORD-0398,2025-09-24,3,4,4,4500,0.15,3060.0
ORD-0399,2025-12-31,11,2,4,650,0.15,331.5
ORD-0400,2025-07-05,5,6,4,9200,0,7084.0
ORD-0401,2025-07-28,4,6,3,6800,0,5032.0
ORD-0402,2025-12-18,7,4,4,340,0.15,153.0
ORD-0403,2025-06-09,4,8,3,6800,0,5032.0
ORD-0404,2025-11-03,9,2,2,720,0,396.0
ORD-0405,2025-10-20,1,6,1,52000,0,40560.0
ORD-0406,2025-09-22,9,2,2,720,0.1,396.0
ORD-0407,2025-12-10,1,8,2,52000,0,40560.0
ORD-0408,2025-02-25,8,5,2,190,0.15,79.8
ORD-0409,2025-06-08,9,3,3,720,0.05,396.0
ORD-0410,2025-08-12,5,4,3,9200,0.05,7084.0
ORD-0411,2025-08-04,12,7,4,3200,0.05,2080.0
ORD-0412,2025-06-14,1,1,2,52000,0,40560.0
ORD-0413,2025-08-19,10,1,4,1800,0.05,1080.0
ORD-0414,2025-06-13,10,4,2,1800,0.1,1080.0
ORD-0415,2025-12-11,5,3,4,9200,0.1,7084.0
ORD-0416,2025-10-12,3,3,2,4500,0.15,3060.0
ORD-0417,2025-12-18,11,1,1,650,0.15,331.5
ORD-0418,2025-11-27,11,3,1,650,0,331.5
ORD-0419,2025-11-08,2,2,2,2400,0,1488.0
ORD-0420,2025-07-02,10,1,4,1800,0.1,1080.0
ORD-0421,2025-08-14,1,5,1,52000,0.15,40560.0
ORD-0422,2025-08-10,1,1,4,52000,0,40560.0
ORD-0423,2025-02-05,4,4,2,6800,0.15,5032.0
ORD-0424,2025-11-09,7,8,1,340,0.05,153.0
ORD-0425,2025-07-08,12,5,2,3200,0.05,2080.0
ORD-0426,2025-11-21,11,3,1,650,0,331.5
ORD-0427,2025-06-16,1,1,1,52000,0,40560.0
ORD-0428,2025-11-21,6,7,1,3800,0.15,2660.0
ORD-0429,2025-04-29,12,1,4,3200,0.05,2080.0
ORD-0430,2025-02-09,9,8,1,720,0,396.0
ORD-0431,2025-05-31,4,8,2,6800,0.1,5032.0
ORD-0432,2025-05-19,4,2,4,6800,0.15,5032.0
ORD-0433,2025-11-05,12,6,1,3200,0.15,2080.0
ORD-0434,2025-06-04,7,3,2,340,0,153.0
ORD-0435,2025-11-20,7,5,3,340,0,153.0
ORD-0436,2025-11-15,8,4,2,190,0.05,79.8
ORD-0437,2025-06-06,11,6,4,650,0,331.5
ORD-0438,2025-05-08,12,2,1,3200,0,2080.0
ORD-0439,2025-06-26,11,2,2,650,0.1,331.5
ORD-0440,2025-02-01,5,6,4,9200,0.05,7084.0
ORD-0441,2025-02-03,3,4,4,4500,0.1,3060.0
ORD-0442,2025-08-04,1,4,1,52000,0.05,40560.0
ORD-0443,2025-09-26,6,2,4,3800,0,2660.0
ORD-0444,2025-06-03,12,4,2,3200,0.15,2080.0
ORD-0445,2025-10-06,3,2,3,4500,0.05,3060.0
ORD-0446,2025-03-06,7,2,3,340,0.1,153.0
ORD-0447,2025-11-12,5,4,2,9200,0.1,7084.0
ORD-0448,2025-04-04,3,8,3,4500,0,3060.0
ORD-0449,2025-06-20,7,2,3,340,0.1,153.0
ORD-0450,2025-11-28,11,2,2,650,0.05,331.5
ORD-0451,2025-12-07,8,8,3,190,0,79.8
ORD-0452,2025-12-10,12,6,4,3200,0.15,2080.0
ORD-0453,2025-05-09,7,8,3,340,0,153.0
ORD-0454,2025-04-18,3,8,1,4500,0.1,3060.0
ORD-0455,2025-04-26,5,5,1,9200,0.1,7084.0
ORD-0456,2025-03-10,4,5,3,6800,0,5032.0
ORD-0457,2025-11-03,8,3,4,190,0.15,79.8
ORD-0458,2025-08-30,12,1,4,3200,0.15,2080.0
ORD-0459,2025-12-23,9,6,1,720,0,396.0
ORD-0460,2025-10-12,3,8,1,4500,0.15,3060.0
ORD-0461,2025-10-13,6,1,4,3800,0,2660.0
ORD-0462,2025-05-17,12,3,2,3200,0.1,2080.0
ORD-0463,2025-07-22,10,8,2,1800,0.05,1080.0
ORD-0464,2025-08-10,7,7,1,340,0,153.0
ORD-0465,2025-10-12,5,6,3,9200,0.1,7084.0
ORD-0466,2025-08-12,8,5,1,190,0.1,79.8
ORD-0467,2025-07-03,5,1,1,9200,0,7084.0
ORD-0468,2025-06-04,11,4,2,650,0,331.5
ORD-0469,2025-08-11,9,2,4,720,0.1,396.0
ORD-0470,2025-06-06,3,1,4,4500,0.1,3060.0
ORD-0471,2025-09-07,8,1,4,190,0.1,79.8
ORD-0472,2025-04-09,12,1,1,3200,0.15,2080.0
ORD-0473,2025-12-06,6,3,3,3800,0,2660.0
ORD-0474,2025-05-28,8,3,3,190,0.15,79.8
ORD-0475,2025-06-04,6,5,3,3800,0.1,2660.0
ORD-0476,2025-11-23,5,2,1,9200,0,7084.0
ORD-0477,2025-04-04,3,4,3,4500,0,3060.0
ORD-0478,2025-07-05,10,2,4,1800,0.1,1080.0
ORD-0479,2025-09-23,11,1,2,650,0.15,331.5
ORD-0480,2025-05-06,6,1,4,3800,0.15,2660.0
ORD-0481,2025-06-01,8,6,2,190,0,79.8
ORD-0482,2025-12-17,11,5,4,650,0.1,331.5
ORD-0483,2025-07-27,8,1,4,190,0,79.8
ORD-0484,2025-01-25,4,2,3,6800,0,5032.0
ORD-0485,2025-08-06,8,4,4,190,0.15,79.8
ORD-0486,2025-09-09,9,7,3,720,0.15,396.0
ORD-0487,2025-01-24,8,1,2,190,0.1,79.8
ORD-0488,2025-11-25,4,3,3,6800,0,5032.0
ORD-0489,2025-06-27,2,6,4,2400,0,1488.0
ORD-0490,2025-04-26,12,5,3,3200,0.15,2080.0
ORD-0491,2025-03-05,4,4,2,6800,0,5032.0
ORD-0492,2025-08-20,9,8,2,720,0.05,396.0
ORD-0493,2025-05-19,5,8,1,9200,0,7084.0
ORD-0494,2025-11-30,1,5,3,52000,0,40560.0
ORD-0495,2025-03-05,12,6,3,3200,0,2080.0
ORD-0496,2025-10-16,3,3,3,4500,0.1,3060.0
ORD-0497,2025-02-26,2,6,4,2400,0.15,1488.0
ORD-0498,2025-10-29,6,2,4,3800,0.1,2660.0
ORD-0499,2025-01-25,12,5,1,3200,0.1,2080.0
ORD-0500,2025-10-28,2,8,4,2400,0,1488.0
ORD-0501,2025-11-16,5,2,3,9200,0.05,7084.0
ORD-0502,2025-09-19,8,1,3,190,0,79.8
ORD-0503,2025-09-27,8,8,1,190,0,79.8
ORD-0504,2025-03-15,1,8,4,52000,0,40560.0
ORD-0505,2025-12-29,11,7,3,650,0,331.5
ORD-0506,2025-12-03,11,1,3,650,0.05,331.5
ORD-0507,2025-10-21,3,5,1,4500,0.1,3060.0
ORD-0508,2025-10-25,4,5,4,6800,0,5032.0
ORD-0509,2025-01-16,2,2,2,2400,0.15,1488.0
ORD-0510,2025-10-01,1,8,3,52000,0,40560.0
ORD-0511,2025-07-05,8,3,1,190,0,79.8
ORD-0512,2025-10-04,2,7,3,2400,0.05,1488.0
ORD-0513,2025-03-25,3,4,2,4500,0,3060.0
ORD-0514,2025-01-21,3,5,4,4500,0.05,3060.0
ORD-0515,2025-09-05,7,1,4,340,0,153.0
ORD-0516,2025-02-25,2,8,4,2400,0.05,1488.0
ORD-0517,2025-05-05,4,2,3,6800,0,5032.0
ORD-0518,2025-09-24,10,7,3,1800,0,1080.0
ORD-0519,2025-10-10,4,2,2,6800,0.1,5032.0
ORD-0520,2025-01-29,4,1,4,6800,0.1,5032.0
ORD-0521,2025-08-20,2,8,1,2400,0.05,1488.0
ORD-0522,2025-03-28,10,4,4,1800,0.05,1080.0
ORD-0523,2025-03-16,2,1,1,2400,0.15,1488.0
ORD-0524,2025-05-02,1,2,4,52000,0.15,40560.0
ORD-0525,2025-10-25,7,1,4,340,0.1,153.0
ORD-0526,2025-08-20,3,2,3,4500,0,3060.0
ORD-0527,2025-08-07,3,4,3,4500,0.1,3060.0
ORD-0528,2025-11-21,11,5,1,650,0.05,331.5
ORD-0529,2025-10-28,4,1,1,6800,0,5032.0
ORD-0530,2025-07-15,10,5,1,1800,0.05,1080.0
ORD-0531,2025-10-06,2,5,1,2400,0,1488.0
ORD-0532,2025-03-31,6,3,3,3800,0,2660.0
ORD-0533,2025-10-28,5,2,1,9200,0,7084.0
ORD-0534,2025-07-17,2,5,3,2400,0.15,1488.0
ORD-0535,2025-08-17,6,7,1,3800,0.1,2660.0
ORD-0536,2025-03-06,5,5,1,9200,0.15,7084.0
ORD-0537,2025-02-24,9,7,1,720,0,396.0
ORD-0538,2025-01-02,8,8,3,190,0.1,79.8
ORD-0539,2025-03-31,1,2,4,52000,0,40560.0
ORD-0540,2025-07-24,6,4,3,3800,0,2660.0
ORD-0541,2025-02-22,1,6,2,52000,0,40560.0
ORD-0542,2025-12-31,7,7,1,340,0.1,153.0
ORD-0543,2025-11-10,6,3,1,3800,0.15,2660.0
ORD-0544,2025-06-10,10,2,3,1800,0.15,1080.0
ORD-0545,2025-06-16,4,1,2,6800,0,5032.0
ORD-0546,2025-07-08,9,8,3,720,0,396.0
ORD-0547,2025-01-22,7,2,3,340,0,153.0
ORD-0548,2025-12-14,8,5,1,190,0,79.8
ORD-0549,2025-02-08,9,3,4,720,0.05,396.0
ORD-0550,2025-10-19,2,1,2,2400,0.1,1488.0
ORD-0551,2025-09-14,11,2,2,650,0,331.5
ORD-0552,2025-11-30,7,3,3,340,0.05,153.0
ORD-0553,2025-04-07,3,1,1,4500,0,3060.0
ORD-0554,2025-07-11,7,3,1,340,0.15,153.0
ORD-0555,2025-11-15,5,7,4,9200,0.05,7084.0
ORD-0556,2025-02-26,11,1,3,650,0.15,331.5
ORD-0557,2025-11-11,3,8,1,4500,0,3060.0
ORD-0558,2025-06-02,11,7,3,650,0.05,331.5
ORD-0559,2025-03-31,7,6,4,340,0.15,153.0
ORD-0560,2025-04-15,2,1,2,2400,0,1488.0
ORD-0561,2025-11-08,3,3,2,4500,0.1,3060.0
ORD-0562,2025-09-21,2,1,3,2400,0,1488.0
ORD-0563,2025-02-21,8,7,2,190,0,79.8
ORD-0564,2025-11-11,2,1,1,2400,0.1,1488.0
ORD-0565,2025-12-14,12,1,4,3200,0.1,2080.0
ORD-0566,2025-10-06,6,2,2,3800,0,2660.0
ORD-0567,2025-07-05,1,4,2,52000,0.05,40560.0
ORD-0568,2025-12-16,1,3,1,52000,0.05,40560.0
ORD-0569,2025-07-21,9,6,2,720,0.15,396.0
ORD-0570,2025-12-26,12,4,3,3200,0.1,2080.0
ORD-0571,2025-08-30,10,2,3,1800,0.1,1080.0
ORD-0572,2025-01-20,4,1,1,6800,0.05,5032.0
ORD-0573,2025-12-17,6,1,2,3800,0,2660.0
ORD-0574,2025-10-09,9,4,1,720,0,396.0
ORD-0575,2025-12-13,6,2,2,3800,0,2660.0
ORD-0576,2025-05-24,12,1,3,3200,0.15,2080.0
ORD-0577,2025-10-31,10,8,2,1800,0.15,1080.0
ORD-0578,2025-11-26,8,4,3,190,0,79.8
ORD-0579,2025-02-08,10,4,2,1800,0,1080.0
ORD-0580,2025-01-30,10,3,2,1800,0,1080.0
ORD-0581,2025-03-26,6,1,1,3800,0,2660.0
ORD-0582,2025-10-05,2,3,3,2400,0,1488.0
ORD-0583,2025-12-13,10,2,1,1800,0.05,1080.0
ORD-0584,2025-03-06,12,5,4,3200,0.1,2080.0
ORD-0585,2025-03-31,9,5,3,720,0,396.0
ORD-0586,2025-11-13,5,1,3,9200,0,7084.0
ORD-0587,2025-01-23,10,1,4,1800,0.15,1080.0
ORD-0588,2025-09-30,10,1,2,1800,0.15,1080.0
ORD-0589,2025-08-11,12,3,1,3200,0,2080.0
ORD-0590,2025-05-21,2,1,3,2400,0.1,1488.0
ORD-0591,2025-04-23,2,6,3,2400,0.05,1488.0
ORD-0592,2025-10-02,7,8,4,340,0.1,153.0
ORD-0593,2025-12-16,7,3,3,340,0.15,153.0
ORD-0594,2025-11-26,10,3,2,1800,0,1080.0
ORD-0595,2025-11-02,5,2,1,9200,0.05,7084.0
ORD-0596,2025-02-11,3,6,4,4500,0,3060.0
ORD-0597,2025-08-29,2,8,3,2400,0.15,1488.0
ORD-0598,2025-12-23,1,4,4,52000,0,40560.0
ORD-0599,2025-07-02,2,8,3,2400,0,1488.0
ORD-0600,2025-07-18,12,2,3,3200,0.05,2080.0
ORD-0601,2025-02-13,10,1,4,1800,0,1080.0
ORD-0602,2025-01-03,5,1,4,9200,0,7084.0
ORD-0603,2025-04-21,5,7,1,9200,0.1,7084.0
ORD-0604,2025-05-13,8,1,4,190,0.05,79.8
ORD-0605,2025-08-06,6,2,4,3800,0.05,2660.0
ORD-0606,2025-01-15,8,7,3,190,0,79.8
ORD-0607,2025-09-05,12,5,1,3200,0,2080.0
ORD-0608,2025-11-14,10,1,2,1800,0.15,1080.0
ORD-0609,2025-06-17,7,7,4,340,0.15,153.0
ORD-0610,2025-07-03,7,4,1,340,0.15,153.0
ORD-0611,2025-08-19,11,8,2,650,0,331.5
ORD-0612,2025-07-31,3,1,2,4500,0,3060.0
ORD-0613,2025-07-22,7,7,2,340,0,153.0
ORD-0614,2025-04-30,12,3,1,3200,0,2080.0
ORD-0615,2025-06-11,5,6,4,9200,0,7084.0
ORD-0616,2025-09-17,7,1,1,340,0.1,153.0
ORD-0617,2025-09-19,2,6,1,2400,0.15,1488.0
ORD-0618,2025-11-28,9,2,3,720,0.1,396.0
ORD-0619,2025-10-19,10,1,4,1800,0,1080.0
ORD-0620,2025-06-20,10,3,4,1800,0,1080.0
ORD-0621,2025-12-23,4,8,1,6800,0.1,5032.0
ORD-0622,2025-12-01,6,2,3,3800,0.05,2660.0
ORD-0623,2025-08-23,11,1,1,650,0,331.5
ORD-0624,2025-12-15,6,4,3,3800,0.1,2660.0
ORD-0625,2025-02-15,4,6,4,6800,0.1,5032.0
ORD-0626,2025-11-27,1,2,2,52000,0,40560.0
ORD-0627,2025-08-05,9,2,1,720,0,396.0
ORD-0628,2025-11-27,1,3,2,52000,0,40560.0
ORD-0629,2025-12-23,4,7,3,6800,0.05,5032.0
ORD-0630,2025-08-21,2,3,1,2400,0,1488.0
ORD-0631,2025-09-06,8,1,3,190,0.05,79.8
ORD-0632,2025-12-24,12,1,1,3200,0.05,2080.0
ORD-0633,2025-01-28,10,5,2,1800,0,1080.0
ORD-0634,2025-10-09,11,1,4,650,0.15,331.5
ORD-0635,2025-11-25,11,7,1,650,0.1,331.5
ORD-0636,2025-10-20,1,4,2,52000,0.05,40560.0
ORD-0637,2025-12-23,12,7,3,3200,0.1,2080.0
ORD-0638,2025-11-15,5,2,2,9200,0.1,7084.0
ORD-0639,2025-08-20,7,4,1,340,0,153.0
ORD-0640,2025-10-27,6,5,3,3800,0.05,2660.0
ORD-0641,2025-07-11,5,2,3,9200,0.05,7084.0
ORD-0642,2025-10-29,11,1,3,650,0,331.5
ORD-0643,2025-11-29,1,5,4,52000,0.05,40560.0
ORD-0644,2025-10-21,8,7,3,190,0.05,79.8
ORD-0645,2025-06-24,1,5,2,52000,0.05,40560.0
ORD-0646,2025-04-18,11,4,4,650,0.05,331.5
ORD-0647,2025-11-27,11,1,2,650,0.05,331.5
ORD-0648,2025-03-09,12,5,2,3200,0.05,2080.0
ORD-0649,2025-04-08,12,6,3,3200,0.1,2080.0
ORD-0650,2025-06-09,10,7,3,1800,0.1,1080.0
ORD-0651,2025-07-28,11,7,1,650,0.1,331.5
ORD-0652,2025-08-28,11,2,4,650,0.15,331.5
ORD-0653,2025-01-28,3,3,2,4500,0,3060.0
ORD-0654,2025-12-29,8,7,2,190,0.05,79.8
ORD-0655,2025-03-03,8,2,3,190,0,79.8
ORD-0656,2025-01-15,5,4,2,9200,0,7084.0
ORD-0657,2025-03-26,2,3,2,2400,0.15,1488.0
ORD-0658,2025-07-14,8,1,4,190,0,79.8
ORD-0659,2025-04-12,1,2,3,52000,0.15,40560.0
ORD-0660,2025-10-21,12,5,2,3200,0,2080.0
ORD-0661,2025-06-05,2,4,4,2400,0.15,1488.0
ORD-0662,2025-03-27,1,3,3,52000,0.05,40560.0
ORD-0663,2025-08-17,6,3,4,3800,0,2660.0
ORD-0664,2025-12-12,4,1,2,6800,0.1,5032.0
ORD-0665,2025-04-05,4,4,1,6800,0.15,5032.0
ORD-0666,2025-03-23,11,7,1,650,0.1,331.5
ORD-0667,2025-04-18,10,8,1,1800,0.15,1080.0
ORD-0668,2025-10-21,1,3,1,52000,0,40560.0
ORD-0669,2025-06-18,5,2,4,9200,0,7084.0
ORD-0670,2025-10-01,5,5,4,9200,0,7084.0
ORD-0671,2025-05-20,12,7,2,3200,0.1,2080.0
ORD-0672,2025-02-24,10,1,1,1800,0.05,1080.0
ORD-0673,2025-02-07,10,7,2,1800,0.05,1080.0
ORD-0674,2025-12-12,12,1,4,3200,0.05,2080.0
ORD-0675,2025-08-30,4,2,4,6800,0.05,5032.0
ORD-0676,2025-01-03,2,8,4,2400,0,1488.0
ORD-0677,2025-11-03,12,5,1,3200,0.05,2080.0
ORD-0678,2025-07-10,5,1,4,9200,0,7084.0
ORD-0679,2025-03-02,5,3,3,9200,0.05,7084.0
ORD-0680,2025-02-28,1,5,1,52000,0,40560.0
ORD-0681,2025-03-12,8,3,3,190,0,79.8
ORD-0682,2025-06-04,7,2,4,340,0.1,153.0
ORD-0683,2025-06-28,8,1,4,190,0,79.8
ORD-0684,2025-10-02,3,7,1,4500,0.1,3060.0
ORD-0685,2025-07-19,11,5,4,650,0,331.5
ORD-0686,2025-11-20,1,8,2,52000,0.1,40560.0
ORD-0687,2025-02-14,8,2,1,190,0,79.8
ORD-0688,2025-05-23,11,4,2,650,0.05,331.5
ORD-0689,2025-10-20,2,3,4,2400,0,1488.0
ORD-0690,2025-10-21,7,7,2,340,0.15,153.0
ORD-0691,2025-09-01,11,7,2,650,0.15,331.5
ORD-0692,2025-11-28,3,2,1,4500,0.1,3060.0
ORD-0693,2025-06-09,1,5,2,52000,0.15,40560.0
ORD-0694,2025-06-08,2,6,4,2400,0.1,1488.0
ORD-0695,2025-07-28,8,1,4,190,0.05,79.8
ORD-0696,2025-08-21,1,3,1,52000,0.1,40560.0
ORD-0697,2025-08-01,2,4,3,2400,0.15,1488.0
ORD-0698,2025-10-15,6,6,3,3800,0,2660.0
ORD-0699,2025-11-11,9,5,4,720,0.05,396.0
ORD-0700,2025-02-25,11,3,2,650,0,331.5
ORD-0701,2025-11-26,5,1,3,9200,0,7084.0
ORD-0702,2025-03-05,12,2,4,3200,0,2080.0
ORD-0703,2025-04-04,7,7,2,340,0.1,153.0
ORD-0704,2025-04-11,2,8,4,2400,0,1488.0
ORD-0705,2025-11-19,2,5,4,2400,0.1,1488.0
ORD-0706,2025-12-05,8,6,1,190,0.15,79.8
ORD-0707,2025-08-14,10,6,4,1800,0.15,1080.0
ORD-0708,2025-12-23,10,1,2,1800,0,1080.0
ORD-0709,2025-10-20,6,8,4,3800,0.1,2660.0
ORD-0710,2025-12-25,4,8,3,6800,0.1,5032.0
ORD-0711,2025-12-15,3,4,2,4500,0.1,3060.0
ORD-0712,2025-12-17,5,5,3,9200,0.15,7084.0
ORD-0713,2025-04-20,12,8,3,3200,0.05,2080.0
ORD-0714,2025-03-23,11,4,2,650,0.15,331.5
ORD-0715,2025-09-23,2,3,3,2400,0.15,1488.0
ORD-0716,2025-09-22,12,2,4,3200,0.15,2080.0
ORD-0717,2025-11-26,1,3,1,52000,0,40560.0
ORD-0718,2025-01-02,4,8,3,6800,0,5032.0
ORD-0719,2025-10-05,1,6,3,52000,0,40560.0
ORD-0720,2025-01-27,8,7,1,190,0.15,79.8
ORD-0721,2025-10-28,4,4,4,6800,0,5032.0
ORD-0722,2025-11-23,5,3,1,9200,0.1,7084.0
ORD-0723,2025-12-22,6,6,1,3800,0,2660.0
ORD-0724,2025-04-28,8,6,2,190,0.05,79.8
ORD-0725,2025-08-20,4,3,2,6800,0.05,5032.0
ORD-0726,2025-12-03,3,1,2,4500,0.15,3060.0
ORD-0727,2025-01-09,9,1,3,720,0,396.0
ORD-0728,2025-11-01,6,1,4,3800,0,2660.0
ORD-0729,2025-12-20,1,6,3,52000,0.1,40560.0
ORD-0730,2025-08-03,12,2,3,3200,0.15,2080.0
ORD-0731,2025-03-03,9,4,2,720,0.1,396.0
ORD-0732,2025-06-12,4,2,2,6800,0.05,5032.0
ORD-0733,2025-05-31,10,7,4,1800,0.15,1080.0
ORD-0734,2025-12-01,2,2,3,2400,0.1,1488.0
ORD-0735,2025-09-30,10,5,2,1800,0,1080.0
ORD-0736,2025-05-30,2,4,4,2400,0.05,1488.0
ORD-0737,2025-05-30,9,6,3,720,0.15,396.0
ORD-0738,2025-07-02,5,4,2,9200,0.05,7084.0
ORD-0739,2025-12-06,9,2,1,720,0,396.0
ORD-0740,2025-09-07,11,2,4,650,0,331.5
ORD-0741,2025-11-29,12,6,4,3200,0,2080.0
ORD-0742,2025-03-15,12,1,3,3200,0,2080.0
ORD-0743,2025-01-26,5,7,1,9200,0.15,7084.0
ORD-0744,2025-12-14,7,3,4,340,0.1,153.0
ORD-0745,2025-01-22,2,1,1,2400,0.15,1488.0
ORD-0746,2025-10-02,12,8,1,3200,0.05,2080.0
ORD-0747,2025-02-26,11,1,3,650,0.15,331.5
ORD-0748,2025-11-15,7,3,4,340,0,153.0
ORD-0749,2025-08-05,12,2,4,3200,0.15,2080.0
ORD-0750,2025-09-10,11,4,3,650,0,331.5
ORD-0751,2025-08-04,1,4,1,52000,0.15,40560.0
ORD-0752,2025-08-31,2,6,3,2400,0,1488.0
ORD-0753,2025-12-12,4,1,4,6800,0.15,5032.0
ORD-0754,2025-03-20,5,2,2,9200,0,7084.0
ORD-0755,2025-11-28,1,1,4,52000,0.15,40560.0
ORD-0756,2025-10-09,2,3,2,2400,0.15,1488.0
ORD-0757,2025-06-05,11,2,2,650,0,331.5
ORD-0758,2025-02-07,6,2,4,3800,0.1,2660.0
ORD-0759,2025-10-23,10,4,2,1800,0.15,1080.0
ORD-0760,2025-11-14,3,2,1,4500,0.05,3060.0
ORD-0761,2025-04-24,11,7,4,650,0.05,331.5
ORD-0762,2025-03-24,6,3,4,3800,0.1,2660.0
ORD-0763,2025-11-16,9,5,1,720,0,396.0
ORD-0764,2025-02-09,3,6,2,4500,0.05,3060.0
ORD-0765,2025-09-24,2,5,1,2400,0.15,1488.0
ORD-0766,2025-11-19,7,4,2,340,0,153.0
ORD-0767,2025-08-18,8,3,2,190,0.05,79.8
ORD-0768,2025-12-19,12,3,3,3200,0,2080.0
ORD-0769,2025-08-13,6,7,1,3800,0,2660.0
ORD-0770,2025-11-20,11,1,2,650,0.15,331.5
ORD-0771,2025-03-19,10,8,2,1800,0.1,1080.0
ORD-0772,2025-01-25,8,2,2,190,0,79.8
ORD-0773,2025-04-22,4,3,3,6800,0.1,5032.0
ORD-0774,2025-07-02,1,5,3,52000,0,40560.0
ORD-0775,2025-08-27,5,4,3,9200,0.15,7084.0
ORD-0776,2025-03-21,7,5,3,340,0.15,153.0
ORD-0777,2025-11-17,5,4,4,9200,0,7084.0
ORD-0778,2025-06-28,6,7,4,3800,0.1,2660.0
ORD-0779,2025-01-29,3,2,4,4500,0,3060.0
ORD-0780,2025-08-09,4,1,2,6800,0,5032.0
ORD-0781,2025-09-27,2,6,2,2400,0.1,1488.0
ORD-0782,2025-10-16,11,2,4,650,0.1,331.5
ORD-0783,2025-03-27,7,1,1,340,0,153.0
ORD-0784,2025-09-06,3,1,1,4500,0.15,3060.0
ORD-0785,2025-03-30,3,8,4,4500,0.15,3060.0
ORD-0786,2025-09-29,12,2,3,3200,0,2080.0
ORD-0787,2025-09-16,8,7,2,190,0,79.8
ORD-0788,2025-09-26,10,5,2,1800,0.15,1080.0
ORD-0789,2025-05-24,11,4,3,650,0.1,331.5
ORD-0790,2025-02-13,7,1,2,340,0,153.0
ORD-0791,2025-08-30,9,4,4,720,0,396.0
ORD-0792,2025-03-29,10,4,1,1800,0.15,1080.0
ORD-0793,2025-02-16,11,4,2,650,0.15,331.5
ORD-0794,2025-01-31,11,3,4,650,0.15,331.5
ORD-0795,2025-12-23,9,8,4,720,0,396.0
ORD-0796,2025-07-25,7,6,3,340,0.15,153.0
ORD-0797,2025-12-27,12,1,1,3200,0.1,2080.0
ORD-0798,2025-07-08,2,7,3,2400,0.15,1488.0
ORD-0799,2025-07-07,1,4,1,52000,0.15,40560.0
ORD-0800,2025-08-13,11,3,2,650,0.05,331.5
ORD-0801,2025-02-14,11,7,3,650,0.05,331.5
ORD-0802,2025-07-12,10,6,3,1800,0.1,1080.0
ORD-0803,2025-07-26,9,3,4,720,0,396.0
ORD-0804,2025-08-09,5,6,3,9200,0.1,7084.0
ORD-0805,2025-11-22,2,6,2,2400,0.1,1488.0
ORD-0806,2025-12-04,4,6,4,6800,0.05,5032.0
ORD-0807,2025-09-22,12,3,1,3200,0,2080.0
ORD-0808,2025-09-26,2,8,2,2400,0.1,1488.0
ORD-0809,2025-07-03,5,1,2,9200,0.05,7084.0
ORD-0810,2025-01-13,7,1,3,340,0.15,153.0
ORD-0811,2025-11-06,11,1,4,650,0.1,331.5
ORD-0812,2025-11-30,9,1,3,720,0,396.0
ORD-0813,2025-09-17,12,1,2,3200,0.15,2080.0
ORD-0814,2025-01-08,11,1,1,650,0,331.5
ORD-0815,2025-05-13,6,4,4,3800,0.1,2660.0
ORD-0816,2025-08-24,12,4,1,3200,0,2080.0
ORD-0817,2025-10-18,10,8,3,1800,0.05,1080.0
ORD-0818,2025-05-20,4,4,4,6800,0.1,5032.0
ORD-0819,2025-05-14,9,1,1,720,0.15,396.0
ORD-0820,2025-05-31,2,6,3,2400,0.15,1488.0
ORD-0821,2025-09-23,8,3,4,190,0.15,79.8
ORD-0822,2025-04-11,8,7,4,190,0.15,79.8
ORD-0823,2025-07-09,2,5,4,2400,0,1488.0
ORD-0824,2025-04-11,7,4,3,340,0.15,153.0
ORD-0825,2025-10-09,4,3,3,6800,0,5032.0
ORD-0826,2025-10-11,2,2,2,2400,0.1,1488.0
ORD-0827,2025-04-19,5,4,2,9200,0,7084.0
ORD-0828,2025-04-24,4,2,3,6800,0,5032.0
ORD-0829,2025-11-27,10,6,3,1800,0,1080.0
ORD-0830,2025-02-03,11,1,4,650,0.15,331.5
ORD-0831,2025-11-02,8,2,3,190,0.15,79.8
ORD-0832,2025-12-29,10,2,3,1800,0.1,1080.0
ORD-0833,2025-11-17,5,6,4,9200,0,7084.0
ORD-0834,2025-03-17,7,1,4,340,0.15,153.0
ORD-0835,2025-06-28,11,8,2,650,0.1,331.5
ORD-0836,2025-10-15,6,5,1,3800,0,2660.0
ORD-0837,2025-06-04,6,7,3,3800,0.15,2660.0
ORD-0838,2025-03-09,4,8,3,6800,0.1,5032.0
ORD-0839,2025-06-06,8,3,4,190,0,79.8
ORD-0840,2025-11-12,7,1,3,340,0.1,153.0
ORD-0841,2025-03-19,11,5,2,650,0,331.5
ORD-0842,2025-11-18,7,1,4,340,0,153.0
ORD-0843,2025-12-05,8,3,1,190,0,79.8
ORD-0844,2025-03-29,11,2,3,650,0.1,331.5
ORD-0845,2025-09-19,1,5,4,52000,0,40560.0
ORD-0846,2025-01-27,5,3,4,9200,0,7084.0
ORD-0847,2025-06-12,6,1,3,3800,0.05,2660.0
ORD-0848,2025-03-28,11,4,2,650,0.15,331.5
ORD-0849,2025-10-06,5,5,3,9200,0.05,7084.0
ORD-0850,2025-08-24,8,5,1,190,0.1,79.8
ORD-0851,2025-07-31,3,3,2,4500,0.05,3060.0
ORD-0852,2025-09-13,2,3,1,2400,0,1488.0
ORD-0853,2025-05-21,5,5,3,9200,0.15,7084.0
ORD-0854,2025-05-15,6,1,4,3800,0.1,2660.0
ORD-0855,2025-11-05,12,8,2,3200,0.05,2080.0
ORD-0856,2025-10-03,4,1,2,6800,0.1,5032.0
ORD-0857,2025-02-16,9,6,1,720,0,396.0
ORD-0858,2025-08-03,2,1,3,2400,0.15,1488.0
ORD-0859,2025-10-29,7,2,3,340,0,153.0
ORD-0860,2025-05-21,3,7,2,4500,0.15,3060.0
ORD-0861,2025-01-22,6,3,3,3800,0.1,2660.0
ORD-0862,2025-12-30,5,8,4,9200,0,7084.0
ORD-0863,2025-10-06,10,3,4,1800,0.15,1080.0
ORD-0864,2025-09-18,5,4,3,9200,0.1,7084.0
ORD-0865,2025-11-15,5,2,3,9200,0.1,7084.0
ORD-0866,2025-05-01,9,2,2,720,0.05,396.0
ORD-0867,2025-08-23,8,1,4,190,0.05,79.8
ORD-0868,2025-07-10,10,4,2,1800,0,1080.0
ORD-0869,2025-03-29,9,2,4,720,0.1,396.0
ORD-0870,2025-10-21,7,2,4,340,0,153.0
ORD-0871,2025-07-08,9,5,3,720,0.05,396.0
ORD-0872,2025-08-09,7,2,2,340,0,153.0
ORD-0873,2025-05-21,8,5,4,190,0.05,79.8
ORD-0874,2025-08-11,1,8,2,52000,0,40560.0
ORD-0875,2025-01-04,5,5,3,9200,0,7084.0
ORD-0876,2025-10-08,2,4,2,2400,0,1488.0
ORD-0877,2025-06-10,8,5,3,190,0.1,79.8
ORD-0878,2025-01-03,3,6,1,4500,0.05,3060.0
ORD-0879,2025-02-16,3,6,2,4500,0.05,3060.0
ORD-0880,2025-11-04,12,6,2,3200,0.1,2080.0
ORD-0881,2025-07-24,1,6,2,52000,0.1,40560.0
ORD-0882,2025-02-22,4,5,4,6800,0.1,5032.0
ORD-0883,2025-05-11,3,4,1,4500,0.15,3060.0
ORD-0884,2025-04-21,5,7,2,9200,0.05,7084.0
ORD-0885,2025-11-07,2,2,2,2400,0.1,1488.0
ORD-0886,2025-03-09,10,6,1,1800,0.1,1080.0
ORD-0887,2025-01-02,10,1,4,1800,0.15,1080.0
ORD-0888,2025-11-08,3,5,4,4500,0,3060.0
ORD-0889,2025-06-25,11,3,1,650,0,331.5
ORD-0890,2025-03-18,2,2,2,2400,0.1,1488.0
ORD-0891,2025-12-26,11,6,3,650,0.1,331.5
ORD-0892,2025-01-13,6,7,2,3800,0.05,2660.0
ORD-0893,2025-08-15,9,5,3,720,0.15,396.0
ORD-0894,2025-04-06,9,6,3,720,0.05,396.0
ORD-0895,2025-05-27,10,4,2,1800,0,1080.0
ORD-0896,2025-07-27,5,1,3,9200,0.1,7084.0
ORD-0897,2025-09-13,12,5,2,3200,0,2080.0
ORD-0898,2025-06-20,4,5,3,6800,0,5032.0
ORD-0899,2025-08-13,4,1,4,6800,0.15,5032.0
ORD-0900,2025-05-14,11,1,3,650,0,331.5
ORD-0901,2025-10-02,3,2,2,4500,0,3060.0
ORD-0902,2025-08-04,1,4,4,52000,0.1,40560.0
ORD-0903,2025-10-09,1,4,3,52000,0,40560.0
ORD-0904,2025-02-07,11,3,4,650,0,331.5
ORD-0905,2025-09-12,9,6,4,720,0.05,396.0
ORD-0906,2025-01-20,5,7,1,9200,0,7084.0
ORD-0907,2025-02-07,9,5,1,720,0,396.0
ORD-0908,2025-08-07,4,5,2,6800,0.15,5032.0
ORD-0909,2025-03-24,9,6,4,720,0,396.0
ORD-0910,2025-09-22,8,1,4,190,0,79.8
ORD-0911,2025-03-13,9,4,3,720,0,396.0
ORD-0912,2025-09-30,6,8,3,3800,0.15,2660.0
ORD-0913,2025-05-12,7,4,4,340,0.05,153.0
ORD-0914,2025-09-07,7,8,3,340,0.05,153.0
ORD-0915,2025-07-13,1,4,1,52000,0.05,40560.0
ORD-0916,2025-08-29,5,8,1,9200,0.05,7084.0
ORD-0917,2025-04-11,1,4,3,52000,0.15,40560.0
ORD-0918,2025-09-19,3,3,1,4500,0,3060.0
ORD-0919,2025-03-09,6,2,2,3800,0,2660.0
ORD-0920,2025-05-19,7,5,2,340,0,153.0
ORD-0921,2025-11-06,8,5,1,190,0.15,79.8
ORD-0922,2025-01-26,10,6,4,1800,0,1080.0
ORD-0923,2025-12-11,6,8,4,3800,0.1,2660.0
ORD-0924,2025-02-25,4,1,1,6800,0.1,5032.0
ORD-0925,2025-08-11,9,4,2,720,0.05,396.0
ORD-0926,2025-04-02,11,6,4,650,0.1,331.5
ORD-0927,2025-09-03,4,6,4,6800,0.05,5032.0
ORD-0928,2025-03-11,2,6,4,2400,0.15,1488.0
ORD-0929,2025-08-09,2,3,4,2400,0.15,1488.0
ORD-0930,2025-10-25,3,2,4,4500,0.15,3060.0
ORD-0931,2025-06-19,4,1,2,6800,0,5032.0
ORD-0932,2025-11-11,11,5,1,650,0,331.5
ORD-0933,2025-07-12,4,4,3,6800,0.05,5032.0
ORD-0934,2025-01-10,3,7,3,4500,0.15,3060.0
ORD-0935,2025-11-20,3,8,4,4500,0,3060.0
ORD-0936,2025-04-22,6,1,2,3800,0,2660.0
ORD-0937,2025-01-31,10,1,2,1800,0.05,1080.0
ORD-0938,2025-10-04,5,1,4,9200,0.1,7084.0
ORD-0939,2025-04-18,4,4,2,6800,0.15,5032.0
ORD-0940,2025-05-16,10,3,2,1800,0,1080.0
ORD-0941,2025-12-17,1,1,3,52000,0,40560.0
ORD-0942,2025-04-23,10,3,3,1800,0,1080.0
ORD-0943,2025-12-03,7,7,3,340,0.05,153.0
ORD-0944,2025-01-28,11,8,4,650,0,331.5
ORD-0945,2025-08-23,2,7,3,2400,0.1,1488.0
ORD-0946,2025-08-06,4,8,4,6800,0.15,5032.0
ORD-0947,2025-01-08,9,3,3,720,0.05,396.0
ORD-0948,2025-10-01,6,5,3,3800,0.05,2660.0
ORD-0949,2025-04-17,5,7,1,9200,0.05,7084.0
ORD-0950,2025-12-27,1,1,3,52000,0,40560.0
ORD-0951,2025-12-22,3,4,1,4500,0.1,3060.0
ORD-0952,2025-10-28,11,2,2,650,0.1,331.5
ORD-0953,2025-03-10,10,4,3,1800,0.1,1080.0
ORD-0954,2025-04-05,10,2,2,1800,0,1080.0
ORD-0955,2025-10-17,3,5,4,4500,0,3060.0
ORD-0956,2025-09-06,6,4,1,3800,0.15,2660.0
ORD-0957,2025-10-06,6,6,2,3800,0,2660.0
ORD-0958,2025-12-14,7,6,3,340,0.1,153.0
ORD-0959,2025-11-21,12,6,3,3200,0,2080.0
ORD-0960,2025-02-06,1,4,3,52000,0.15,40560.0
ORD-0961,2025-04-08,4,1,1,6800,0.05,5032.0
ORD-0962,2025-11-05,9,2,4,720,0.05,396.0
ORD-0963,2025-06-16,3,2,2,4500,0,3060.0
ORD-0964,2025-07-01,5,6,4,9200,0,7084.0
ORD-0965,2025-12-25,4,8,1,6800,0,5032.0
ORD-0966,2025-12-28,10,7,4,1800,0.05,1080.0
ORD-0967,2025-12-14,7,6,1,340,0.15,153.0
ORD-0968,2025-06-11,7,1,1,340,0.15,153.0
ORD-0969,2025-07-29,1,4,2,52000,0.15,40560.0
ORD-0970,2025-12-02,9,6,4,720,0.15,396.0
ORD-0971,2025-12-07,5,7,4,9200,0.1,7084.0
ORD-0972,2025-11-10,8,2,2,190,0.1,79.8
ORD-0973,2025-12-23,9,7,2,720,0.1,396.0
ORD-0974,2025-07-24,9,6,1,720,0,396.0
ORD-0975,2025-12-23,9,3,2,720,0.1,396.0
ORD-0976,2025-07-06,8,1,2,190,0.1,79.8
ORD-0977,2025-05-21,12,1,2,3200,0,2080.0
ORD-0978,2025-10-21,6,5,1,3800,0.15,2660.0
ORD-0979,2025-10-17,10,4,2,1800,0.1,1080.0
ORD-0980,2025-01-06,6,7,2,3800,0,2660.0
ORD-0981,2025-03-23,1,2,4,52000,0.05,40560.0
ORD-0982,2025-11-15,5,7,2,9200,0,7084.0
ORD-0983,2025-12-01,10,3,3,1800,0,1080.0
ORD-0984,2025-11-18,1,2,4,52000,0,40560.0
ORD-0985,2025-10-15,7,4,4,340,0,153.0
ORD-0986,2025-01-29,9,5,3,720,0.15,396.0
ORD-0987,2025-11-07,1,1,2,52000,0,40560.0
ORD-0988,2025-06-05,1,8,3,52000,0.05,40560.0
ORD-0989,2025-01-14,3,5,2,4500,0.05,3060.0
ORD-0990,2025-10-20,10,6,2,1800,0.1,1080.0
ORD-0991,2025-06-02,2,3,3,2400,0.05,1488.0
ORD-0992,2025-06-03,7,3,1,340,0.05,153.0
ORD-0993,2025-03-28,5,3,3,9200,0.15,7084.0
ORD-0994,2025-04-07,10,4,1,1800,0,1080.0
ORD-0995,2025-12-17,2,8,4,2400,0.15,1488.0
ORD-0996,2025-12-10,7,4,3,340,0.05,153.0
ORD-0997,2025-12-12,3,5,4,4500,0.15,3060.0
ORD-0998,2025-08-26,3,8,2,4500,0.05,3060.0
ORD-0999,2025-01-01,8,6,1,190,0,79.8
ORD-1000,2025-12-14,1,4,3,52000,0.05,40560.0
ORD-1001,2025-09-01,11,2,2,650,0.05,331.5
ORD-1002,2025-02-10,9,1,3,720,0,396.0
ORD-1003,2025-06-13,12,2,1,3200,0,2080.0
ORD-1004,2025-11-30,11,6,4,650,0.1,331.5
ORD-1005,2025-09-16,3,7,4,4500,0.15,3060.0
ORD-1006,2025-07-27,7,2,1,340,0.15,153.0
ORD-1007,2025-10-11,9,4,1,720,0,396.0
ORD-1008,2025-06-30,6,2,1,3800,0,2660.0
ORD-1009,2025-01-13,11,4,2,650,0.15,331.5
ORD-1010,2025-03-04,5,2,3,9200,0,7084.0
ORD-1011,2025-02-08,6,2,4,3800,0.05,2660.0
ORD-1012,2025-05-04,6,7,1,3800,0,2660.0
ORD-1013,2025-07-01,8,3,2,190,0,79.8
ORD-1014,2025-08-28,9,1,3,720,0.05,396.0
ORD-1015,2025-12-27,9,5,2,720,0,396.0
ORD-1016,2025-07-23,9,2,1,720,0,396.0
ORD-1017,2025-01-28,10,3,1,1800,0.05,1080.0
ORD-1018,2025-01-17,11,4,3,650,0,331.5
ORD-1019,2025-05-29,4,2,3,6800,0,5032.0
ORD-1020,2025-05-11,8,1,1,190,0.05,79.8
ORD-1021,2025-05-01,10,4,1,1800,0,1080.0
ORD-1022,2025-08-09,3,2,3,4500,0.15,3060.0
ORD-1023,2025-02-20,6,1,4,3800,0,2660.0
ORD-1024,2025-07-22,1,1,1,52000,0.1,40560.0
ORD-1025,2025-07-06,12,3,4,3200,0.15,2080.0
ORD-1026,2025-06-07,12,4,1,3200,0.1,2080.0
ORD-1027,2025-02-26,12,3,4,3200,0,2080.0
ORD-1028,2025-10-23,8,8,4,190,0,79.8
ORD-1029,2025-03-29,10,3,3,1800,0.05,1080.0
ORD-1030,2025-10-22,6,3,3,3800,0.1,2660.0
ORD-1031,2025-02-04,6,7,4,3800,0.1,2660.0
ORD-1032,2025-05-12,10,1,2,1800,0.15,1080.0
ORD-1033,2025-11-26,2,5,3,2400,0.15,1488.0
ORD-1034,2025-11-18,8,3,4,190,0.15,79.8
ORD-1035,2025-09-18,3,1,4,4500,0.1,3060.0
ORD-1036,2025-04-23,10,4,4,1800,0.1,1080.0
ORD-1037,2025-06-23,4,6,2,6800,0,5032.0
ORD-1038,2025-10-27,8,4,1,190,0.15,79.8
ORD-1039,2025-05-04,8,8,2,190,0.05,79.8
ORD-1040,2025-02-04,11,4,4,650,0.05,331.5
ORD-1041,2025-10-03,4,7,2,6800,0.15,5032.0
ORD-1042,2025-09-01,3,4,2,4500,0.1,3060.0
ORD-1043,2025-06-19,8,5,2,190,0,79.8
ORD-1044,2025-05-19,11,5,3,650,0.1,331.5
ORD-1045,2025-12-03,10,8,1,1800,0.15,1080.0
ORD-1046,2025-06-05,5,7,1,9200,0.05,7084.0
ORD-1047,2025-12-01,12,7,3,3200,0,2080.0
ORD-1048,2025-11-08,7,5,4,340,0.05,153.0
ORD-1049,2025-07-14,9,3,2,720,0,396.0
ORD-1050,2025-03-13,6,2,4,3800,0,2660.0
ORD-1051,2025-12-05,3,5,1,4500,0,3060.0
ORD-1052,2025-03-29,8,1,4,190,0,79.8
ORD-1053,2025-09-14,8,1,4,190,0.15,79.8
ORD-1054,2025-08-18,8,2,4,190,0.05,79.8
ORD-1055,2025-07-01,10,5,4,1800,0,1080.0
ORD-1056,2025-05-30,9,8,3,720,0,396.0
ORD-1057,2025-09-23,6,3,1,3800,0.15,2660.0
ORD-1058,2025-10-05,12,4,3,3200,0.1,2080.0
ORD-1059,2025-08-20,2,5,2,2400,0.1,1488.0
ORD-1060,2025-10-22,2,1,3,2400,0.15,1488.0
ORD-1061,2025-06-25,1,4,4,52000,0.1,40560.0
ORD-1062,2025-07-24,6,8,4,3800,0.05,2660.0
ORD-1063,2025-11-10,3,6,1,4500,0.15,3060.0
ORD-1064,2025-10-19,5,4,1,9200,0.1,7084.0
ORD-1065,2025-09-22,5,3,1,9200,0.05,7084.0
ORD-1066,2025-03-03,5,5,3,9200,0,7084.0
ORD-1067,2025-05-09,1,1,1,52000,0.15,40560.0
ORD-1068,2025-09-05,11,6,4,650,0.05,331.5
ORD-1069,2025-05-23,4,6,4,6800,0,5032.0
ORD-1070,2025-11-11,2,8,2,2400,0.15,1488.0
ORD-1071,2025-03-16,7,5,4,340,0,153.0
ORD-1072,2025-10-06,4,5,3,6800,0,5032.0
ORD-1073,2025-11-04,1,3,2,52000,0.1,40560.0
ORD-1074,2025-05-24,9,5,2,720,0.1,396.0
ORD-1075,2025-06-09,3,2,4,4500,0,3060.0
ORD-1076,2025-11-13,11,5,3,650,0.15,331.5
ORD-1077,2025-01-30,9,5,3,720,0.1,396.0
ORD-1078,2025-10-09,6,6,3,3800,0.05,2660.0
ORD-1079,2025-04-19,7,6,4,340,0,153.0
ORD-1080,2025-09-07,9,2,3,720,0,396.0
ORD-1081,2025-01-01,2,1,1,2400,0.1,1488.0
ORD-1082,2025-02-15,6,2,2,3800,0.05,2660.0
ORD-1083,2025-01-20,2,5,1,2400,0.15,1488.0
ORD-1084,2025-11-20,11,1,1,650,0,331.5
ORD-1085,2025-09-13,11,5,2,650,0,331.5
ORD-1086,2025-04-15,11,8,1,650,0.1,331.5
ORD-1087,2025-05-14,12,1,3,3200,0.05,2080.0
ORD-1088,2025-02-25,1,2,4,52000,0.1,40560.0
ORD-1089,2025-01-31,5,1,2,9200,0.1,7084.0
ORD-1090,2025-12-07,10,5,4,1800,0,1080.0
ORD-1091,2025-02-18,7,5,2,340,0.15,153.0
ORD-1092,2025-12-23,5,1,1,9200,0,7084.0
ORD-1093,2025-09-09,8,1,1,190,0.1,79.8
ORD-1094,2025-09-30,1,1,4,52000,0.05,40560.0
ORD-1095,2025-06-13,10,5,1,1800,0.15,1080.0
ORD-1096,2025-11-16,7,4,4,340,0,153.0
ORD-1097,2025-01-31,12,4,4,3200,0,2080.0
ORD-1098,2025-12-12,6,1,3,3800,0.1,2660.0
ORD-1099,2025-12-21,2,7,3,2400,0.15,1488.0
ORD-1100,2025-06-27,8,1,3,190,0,79.8
ORD-1101,2025-01-13,11,5,2,650,0.05,331.5
ORD-1102,2025-12-21,12,1,3,3200,0.1,2080.0
ORD-1103,2025-09-24,4,2,2,6800,0,5032.0
ORD-1104,2025-10-19,4,1,4,6800,0.1,5032.0
ORD-1105,2025-08-10,8,1,4,190,0,79.8
ORD-1106,2025-01-26,12,1,1,3200,0.1,2080.0
ORD-1107,2025-11-22,9,1,4,720,0.15,396.0
ORD-1108,2025-09-30,2,3,1,2400,0,1488.0
ORD-1109,2025-01-30,10,5,1,1800,0,1080.0
ORD-1110,2025-03-06,11,7,1,650,0.05,331.5
ORD-1111,2025-02-20,3,1,1,4500,0,3060.0
ORD-1112,2025-09-20,4,3,1,6800,0,5032.0
ORD-1113,2025-11-24,11,1,4,650,0.05,331.5
ORD-1114,2025-10-18,3,6,3,4500,0,3060.0
ORD-1115,2025-09-11,2,1,1,2400,0.05,1488.0
ORD-1116,2025-07-23,6,2,2,3800,0.1,2660.0
ORD-1117,2025-09-05,2,1,4,2400,0,1488.0
ORD-1118,2025-08-01,1,5,2,52000,0,40560.0
ORD-1119,2025-09-10,7,2,4,340,0,153.0
ORD-1120,2025-09-17,8,8,4,190,0,79.8
ORD-1121,2025-09-02,10,5,2,1800,0.1,1080.0
ORD-1122,2025-02-27,5,1,3,9200,0.1,7084.0
ORD-1123,2025-04-04,9,3,1,720,0.15,396.0
ORD-1124,2025-11-18,9,6,2,720,0.1,396.0
ORD-1125,2025-10-09,1,6,2,52000,0,40560.0
ORD-1126,2025-10-31,8,1,4,190,0,79.8
ORD-1127,2025-12-02,11,2,3,650,0.05,331.5
ORD-1128,2025-04-20,8,6,1,190,0,79.8
ORD-1129,2025-12-06,3,4,1,4500,0.1,3060.0
ORD-1130,2025-02-08,12,4,4,3200,0.15,2080.0
ORD-1131,2025-07-24,11,6,3,650,0,331.5
ORD-1132,2025-05-04,4,3,4,6800,0,5032.0
ORD-1133,2025-04-16,10,7,4,1800,0,1080.0
ORD-1134,2025-03-30,10,3,4,1800,0,1080.0
ORD-1135,2025-03-24,4,2,3,6800,0.05,5032.0
ORD-1136,2025-03-23,10,1,1,1800,0.05,1080.0
ORD-1137,2025-11-15,7,2,2,340,0.05,153.0
ORD-1138,2025-05-06,11,8,2,650,0.15,331.5
ORD-1139,2025-11-03,7,4,4,340,0,153.0
ORD-1140,2025-11-09,1,2,4,52000,0,40560.0
ORD-1141,2025-07-08,10,7,2,1800,0.15,1080.0
ORD-1142,2025-07-02,1,1,4,52000,0.15,40560.0
ORD-1143,2025-08-16,12,4,1,3200,0.1,2080.0
ORD-1144,2025-02-25,1,1,4,52000,0,40560.0
ORD-1145,2025-05-21,2,5,1,2400,0.1,1488.0
ORD-1146,2025-03-15,10,3,1,1800,0.1,1080.0
ORD-1147,2025-03-23,7,5,2,340,0.05,153.0
ORD-1148,2025-10-01,11,7,1,650,0.1,331.5
ORD-1149,2025-06-02,5,5,4,9200,0.05,7084.0
ORD-1150,2025-09-19,4,7,1,6800,0.15,5032.0
ORD-1151,2025-10-02,9,1,3,720,0,396.0
ORD-1152,2025-06-20,1,1,3,52000,0.05,40560.0
ORD-1153,2025-08-03,9,8,2,720,0,396.0
ORD-1154,2025-04-04,11,7,4,650,0.15,331.5
ORD-1155,2025-10-25,12,3,2,3200,0.05,2080.0
ORD-1156,2025-05-22,7,1,3,340,0,153.0
ORD-1157,2025-06-16,9,5,1,720,0.1,396.0
ORD-1158,2025-10-18,5,3,4,9200,0.15,7084.0
ORD-1159,2025-10-23,2,1,2,2400,0.1,1488.0
ORD-1160,2025-06-06,5,1,1,9200,0,7084.0
ORD-1161,2025-02-05,8,4,2,190,0,79.8
ORD-1162,2025-09-10,7,3,2,340,0.1,153.0
ORD-1163,2025-07-21,1,1,3,52000,0,40560.0
ORD-1164,2025-12-08,9,4,3,720,0.1,396.0
ORD-1165,2025-10-26,6,5,4,3800,0.15,2660.0
ORD-1166,2025-08-18,8,4,4,190,0.05,79.8
ORD-1167,2025-12-10,3,3,3,4500,0,3060.0
ORD-1168,2025-12-25,1,2,2,52000,0.05,40560.0
ORD-1169,2025-12-20,3,8,3,4500,0,3060.0
ORD-1170,2025-11-23,11,2,2,650,0,331.5
ORD-1171,2025-01-11,10,2,2,1800,0.1,1080.0
ORD-1172,2025-03-18,12,8,1,3200,0.05,2080.0
ORD-1173,2025-03-15,9,2,2,720,0.15,396.0
ORD-1174,2025-12-13,8,8,2,190,0.1,79.8
ORD-1175,2025-03-24,9,3,3,720,0.05,396.0
ORD-1176,2025-05-31,10,5,2,1800,0.15,1080.0
ORD-1177,2025-12-11,12,7,1,3200,0.1,2080.0
ORD-1178,2025-03-18,2,3,3,2400,0,1488.0
ORD-1179,2025-11-15,6,1,1,3800,0.05,2660.0
ORD-1180,2025-09-19,9,2,2,720,0.05,396.0
ORD-1181,2025-02-28,8,3,1,190,0.15,79.8
ORD-1182,2025-08-20,10,3,1,1800,0.05,1080.0
ORD-1183,2025-10-14,6,1,4,3800,0.05,2660.0
ORD-1184,2025-06-10,8,5,1,190,0,79.8
ORD-1185,2025-07-14,8,6,3,190,0,79.8
ORD-1186,2025-12-14,12,7,4,3200,0,2080.0
ORD-1187,2025-09-05,4,8,3,6800,0.1,5032.0
ORD-1188,2025-08-11,2,1,4,2400,0,1488.0
ORD-1189,2025-09-09,7,3,2,340,0.15,153.0
ORD-1190,2025-09-30,3,7,2,4500,0,3060.0
ORD-1191,2025-05-16,1,2,3,52000,0.15,40560.0
ORD-1192,2025-08-15,4,1,1,6800,0,5032.0
ORD-1193,2025-05-21,11,5,4,650,0,331.5
ORD-1194,2025-12-14,3,1,4,4500,0,3060.0
ORD-1195,2025-11-16,2,3,3,2400,0.15,1488.0
ORD-1196,2025-07-09,11,3,4,650,0,331.5
ORD-1197,2025-10-01,5,1,2,9200,0.15,7084.0
ORD-1198,2025-05-29,12,1,2,3200,0.05,2080.0
ORD-1199,2025-05-14,11,2,3,650,0,331.5
ORD-1200,2025-08-30,2,6,2,2400,0,1488.0
ORD-1201,2025-09-06,9,7,3,720,0.05,396.0
ORD-1202,2025-10-10,5,4,3,9200,0,7084.0
ORD-1203,2025-06-05,1,2,2,52000,0.15,40560.0
ORD-1204,2025-11-14,6,2,2,3800,0,2660.0
ORD-1205,2025-08-27,4,3,1,6800,0.1,5032.0
ORD-1206,2025-02-27,3,3,1,4500,0.1,3060.0
ORD-1207,2025-10-05,8,5,3,190,0,79.8
ORD-1208,2025-01-27,2,7,2,2400,0,1488.0
ORD-1209,2025-03-08,5,1,2,9200,0,7084.0
ORD-1210,2025-02-23,2,6,1,2400,0,1488.0
ORD-1211,2025-11-02,4,6,1,6800,0,5032.0
ORD-1212,2025-08-02,8,1,1,190,0.05,79.8
ORD-1213,2025-05-01,2,2,1,2400,0.15,1488.0
ORD-1214,2025-12-06,11,1,3,650,0,331.5
ORD-1215,2025-11-09,10,1,3,1800,0.05,1080.0
ORD-1216,2025-08-24,10,4,2,1800,0.15,1080.0
ORD-1217,2025-02-19,1,8,2,52000,0,40560.0
ORD-1218,2025-03-25,9,8,1,720,0,396.0
ORD-1219,2025-12-28,12,5,4,3200,0.05,2080.0
ORD-1220,2025-03-22,2,8,2,2400,0.05,1488.0
ORD-1221,2025-07-17,4,6,4,6800,0,5032.0
ORD-1222,2025-05-15,2,6,2,2400,0.1,1488.0
ORD-1223,2025-10-18,12,2,1,3200,0,2080.0
ORD-1224,2025-02-10,8,2,3,190,0.1,79.8
ORD-1225,2025-07-28,7,7,2,340,0,153.0
ORD-1226,2025-11-22,6,8,2,3800,0,2660.0
ORD-1227,2025-08-04,7,5,4,340,0.15,153.0
ORD-1228,2025-02-05,7,8,4,340,0.15,153.0
ORD-1229,2025-10-29,3,8,1,4500,0.05,3060.0
ORD-1230,2025-06-20,7,7,1,340,0,153.0
ORD-1231,2025-10-09,12,3,3,3200,0.1,2080.0
ORD-1232,2025-10-31,7,2,4,340,0.15,153.0
ORD-1233,2025-11-04,2,4,3,2400,0.1,1488.0
ORD-1234,2025-09-05,1,7,1,52000,0,40560.0
ORD-1235,2025-08-01,3,5,4,4500,0.15,3060.0
ORD-1236,2025-03-20,10,5,1,1800,0,1080.0
ORD-1237,2025-08-16,8,5,2,190,0.05,79.8
ORD-1238,2025-08-09,9,4,3,720,0.15,396.0
ORD-1239,2025-12-02,7,3,1,340,0.1,153.0
ORD-1240,2025-11-15,8,1,1,190,0,79.8
ORD-1241,2025-10-25,5,3,2,9200,0.1,7084.0
ORD-1242,2025-05-13,8,5,1,190,0.15,79.8
ORD-1243,2025-10-22,9,4,4,720,0.1,396.0
ORD-1244,2025-03-02,7,4,3,340,0.1,153.0
ORD-1245,2025-06-22,6,1,3,3800,0.05,2660.0
ORD-1246,2025-09-05,6,1,3,3800,0.15,2660.0
ORD-1247,2025-12-11,7,3,1,340,0.1,153.0
ORD-1248,2025-06-12,1,2,2,52000,0,40560.0
ORD-1249,2025-05-03,12,1,1,3200,0.05,2080.0
ORD-1250,2025-03-18,6,5,1,3800,0.1,2660.0
ORD-1251,2025-07-17,7,5,3,340,0,153.0
ORD-1252,2025-09-11,7,4,4,340,0.05,153.0
ORD-1253,2025-11-04,12,4,2,3200,0.05,2080.0
ORD-1254,2025-11-22,6,2,2,3800,0.15,2660.0
ORD-1255,2025-12-07,8,2,1,190,0.15,79.8
ORD-1256,2025-05-10,10,5,4,1800,0,1080.0
ORD-1257,2025-12-23,10,2,1,1800,0.15,1080.0
ORD-1258,2025-02-26,9,2,4,720,0.1,396.0
ORD-1259,2025-11-21,5,5,3,9200,0.1,7084.0
ORD-1260,2025-05-14,7,4,3,340,0.15,153.0
ORD-1261,2025-10-18,3,7,1,4500,0.15,3060.0
ORD-1262,2025-09-07,11,8,4,650,0.05,331.5
ORD-1263,2025-08-20,7,2,1,340,0.15,153.0
ORD-1264,2025-07-08,3,3,3,4500,0.1,3060.0
ORD-1265,2025-11-30,2,2,2,2400,0.1,1488.0
ORD-1266,2025-05-06,5,2,2,9200,0.1,7084.0
ORD-1267,2025-03-01,4,3,3,6800,0.1,5032.0
ORD-1268,2025-12-14,11,1,1,650,0,331.5
ORD-1269,2025-03-09,5,8,2,9200,0,7084.0
ORD-1270,2025-08-01,1,4,1,52000,0.05,40560.0
ORD-1271,2025-11-29,7,3,3,340,0,153.0
ORD-1272,2025-11-27,3,4,2,4500,0,3060.0
ORD-1273,2025-08-04,9,7,3,720,0.1,396.0
ORD-1274,2025-04-04,6,6,3,3800,0.15,2660.0
ORD-1275,2025-11-24,4,1,4,6800,0,5032.0
ORD-1276,2025-03-09,8,7,4,190,0.05,79.8
ORD-1277,2025-01-18,6,4,1,3800,0.05,2660.0
ORD-1278,2025-07-08,5,3,2,9200,0.05,7084.0
ORD-1279,2025-06-10,1,5,1,52000,0,40560.0
ORD-1280,2025-11-08,5,5,4,9200,0.05,7084.0
ORD-1281,2025-10-29,11,7,1,650,0.15,331.5
ORD-1282,2025-11-13,1,2,4,52000,0.05,40560.0
ORD-1283,2025-12-25,4,7,3,6800,0,5032.0
ORD-1284,2025-03-15,11,6,3,650,0.1,331.5
ORD-1285,2025-05-03,8,8,4,190,0.1,79.8
ORD-1286,2025-06-14,2,4,2,2400,0.05,1488.0
ORD-1287,2025-06-20,12,5,3,3200,0.1,2080.0
ORD-1288,2025-11-21,11,6,2,650,0.1,331.5
ORD-1289,2025-03-13,4,4,3,6800,0.05,5032.0
ORD-1290,2025-02-08,9,5,2,720,0.15,396.0
ORD-1291,2025-11-11,8,2,4,190,0,79.8
ORD-1292,2025-10-27,6,1,3,3800,0,2660.0
ORD-1293,2025-06-13,7,8,2,340,0,153.0
ORD-1294,2025-12-21,10,8,2,1800,0,1080.0
ORD-1295,2025-04-23,3,5,1,4500,0.1,3060.0
ORD-1296,2025-09-05,2,8,3,2400,0,1488.0
ORD-1297,2025-02-23,9,7,4,720,0.1,396.0
ORD-1298,2025-08-08,12,8,2,3200,0,2080.0
ORD-1299,2025-11-09,5,1,4,9200,0.1,7084.0
ORD-1300,2025-11-20,4,3,3,6800,0,5032.0
ORD-1301,2025-07-05,1,2,3,52000,0.05,40560.0
ORD-1302,2025-07-08,6,1,4,3800,0,2660.0
ORD-1303,2025-03-11,12,5,4,3200,0,2080.0
ORD-1304,2025-10-24,10,1,3,1800,0,1080.0
ORD-1305,2025-01-11,4,8,4,6800,0.05,5032.0
ORD-1306,2025-12-31,10,2,1,1800,0,1080.0
ORD-1307,2025-09-10,7,8,3,340,0,153.0
ORD-1308,2025-08-19,3,4,3,4500,0,3060.0
ORD-1309,2025-12-29,8,2,2,190,0,79.8
ORD-1310,2025-08-05,5,1,1,9200,0.05,7084.0
ORD-1311,2025-03-28,5,2,3,9200,0.1,7084.0
ORD-1312,2025-12-20,5,7,3,9200,0.1,7084.0
ORD-1313,2025-05-16,3,2,4,4500,0,3060.0
ORD-1314,2025-01-06,1,1,4,52000,0.05,40560.0
ORD-1315,2025-07-04,8,3,1,190,0.1,79.8
ORD-1316,2025-10-16,8,7,4,190,0,79.8
ORD-1317,2025-11-04,6,7,1,3800,0,2660.0
ORD-1318,2025-03-06,12,7,3,3200,0.15,2080.0
ORD-1319,2025-09-19,1,8,2,52000,0.1,40560.0
ORD-1320,2025-04-16,11,1,1,650,0.05,331.5
ORD-1321,2025-10-22,2,4,4,2400,0.05,1488.0
ORD-1322,2025-12-27,6,1,2,3800,0,2660.0
ORD-1323,2025-11-22,8,4,4,190,0.05,79.8
ORD-1324,2025-01-02,11,8,4,650,0.05,331.5
ORD-1325,2025-12-30,10,7,2,1800,0,1080.0
ORD-1326,2025-11-10,6,4,1,3800,0,2660.0
ORD-1327,2025-09-03,7,2,3,340,0,153.0
ORD-1328,2025-11-13,2,1,1,2400,0,1488.0
ORD-1329,2025-11-10,11,2,2,650,0,331.5
ORD-1330,2025-11-24,5,5,2,9200,0.05,7084.0
ORD-1331,2025-11-17,4,7,4,6800,0.1,5032.0
ORD-1332,2025-07-19,10,6,4,1800,0,1080.0
ORD-1333,2025-11-20,3,1,4,4500,0.1,3060.0
ORD-1334,2025-08-15,11,8,2,650,0,331.5
ORD-1335,2025-08-21,9,3,1,720,0.05,396.0
ORD-1336,2025-02-26,8,8,3,190,0,79.8
ORD-1337,2025-10-10,4,4,4,6800,0.05,5032.0
ORD-1338,2025-08-30,1,3,1,52000,0.15,40560.0
ORD-1339,2025-02-22,12,2,3,3200,0.05,2080.0
ORD-1340,2025-02-17,1,1,1,52000,0.1,40560.0
ORD-1341,2025-03-13,1,7,1,52000,0.1,40560.0
ORD-1342,2025-05-19,12,5,4,3200,0.1,2080.0
ORD-1343,2025-05-31,3,1,2,4500,0,3060.0
ORD-1344,2025-12-09,11,4,1,650,0.1,331.5
ORD-1345,2025-01-04,1,3,2,52000,0.1,40560.0
ORD-1346,2025-06-22,12,5,4,3200,0.05,2080.0
ORD-1347,2025-12-12,12,1,4,3200,0.05,2080.0
ORD-1348,2025-03-07,2,7,1,2400,0,1488.0
ORD-1349,2025-04-21,3,7,2,4500,0.1,3060.0
ORD-1350,2025-11-18,4,6,1,6800,0.05,5032.0
ORD-1351,2025-03-14,1,7,1,52000,0,40560.0
ORD-1352,2025-10-15,8,7,4,190,0,79.8
ORD-1353,2025-09-07,5,2,4,9200,0,7084.0
ORD-1354,2025-02-28,12,7,4,3200,0.1,2080.0
ORD-1355,2025-10-20,12,3,3,3200,0,2080.0
ORD-1356,2025-08-19,12,5,4,3200,0,2080.0
ORD-1357,2025-08-14,10,1,3,1800,0.15,1080.0
ORD-1358,2025-12-14,8,5,1,190,0.1,79.8
ORD-1359,2025-09-15,12,1,4,3200,0,2080.0
ORD-1360,2025-10-16,6,4,4,3800,0,2660.0
ORD-1361,2025-09-22,6,7,4,3800,0,2660.0
ORD-1362,2025-10-13,7,6,3,340,0.1,153.0
ORD-1363,2025-11-20,4,5,3,6800,0,5032.0
ORD-1364,2025-03-07,3,6,4,4500,0,3060.0
ORD-1365,2025-12-16,5,4,2,9200,0,7084.0
ORD-1366,2025-12-12,5,1,3,9200,0,7084.0
ORD-1367,2025-11-17,1,3,1,52000,0.05,40560.0
ORD-1368,2025-09-04,9,2,2,720,0.1,396.0
ORD-1369,2025-06-12,1,7,3,52000,0,40560.0
ORD-1370,2025-12-20,11,8,1,650,0,331.5
ORD-1371,2025-07-15,2,4,1,2400,0.15,1488.0
ORD-1372,2025-11-04,9,1,1,720,0.15,396.0
ORD-1373,2025-09-28,4,5,3,6800,0,5032.0
ORD-1374,2025-10-25,9,1,4,720,0,396.0
ORD-1375,2025-06-27,3,3,1,4500,0,3060.0
ORD-1376,2025-07-25,1,3,2,52000,0.1,40560.0
ORD-1377,2025-08-03,5,3,3,9200,0.1,7084.0
ORD-1378,2025-10-05,9,1,4,720,0,396.0
ORD-1379,2025-07-30,7,6,4,340,0.15,153.0
ORD-1380,2025-06-01,8,5,2,190,0,79.8
ORD-1381,2025-08-03,2,3,3,2400,0.05,1488.0
ORD-1382,2025-11-14,1,5,4,52000,0,40560.0
ORD-1383,2025-09-29,10,8,1,1800,0.15,1080.0
ORD-1384,2025-07-29,11,7,3,650,0.05,331.5
ORD-1385,2025-01-09,9,3,2,720,0.1,396.0
ORD-1386,2025-04-18,10,7,4,1800,0.05,1080.0
ORD-1387,2025-11-13,4,1,3,6800,0,5032.0
ORD-1388,2025-06-24,12,8,2,3200,0.15,2080.0
ORD-1389,2025-05-03,9,3,3,720,0.15,396.0
ORD-1390,2025-09-01,1,7,3,52000,0,40560.0
ORD-1391,2025-05-14,9,7,1,720,0,396.0
ORD-1392,2025-05-17,6,6,1,3800,0,2660.0
ORD-1393,2025-12-15,5,2,1,9200,0.1,7084.0
ORD-1394,2025-04-24,10,2,2,1800,0.05,1080.0
ORD-1395,2025-10-27,12,4,2,3200,0.1,2080.0
ORD-1396,2025-04-11,9,3,2,720,0.05,396.0
ORD-1397,2025-03-14,7,1,1,340,0,153.0
ORD-1398,2025-12-16,4,3,4,6800,0,5032.0
ORD-1399,2025-08-19,9,4,4,720,0.05,396.0
ORD-1400,2025-09-15,12,7,4,3200,0.1,2080.0
ORD-1401,2025-03-05,8,8,4,190,0,79.8
ORD-1402,2025-08-17,2,3,2,2400,0.1,1488.0
ORD-1403,2025-10-31,9,4,3,720,0,396.0
ORD-1404,2025-07-04,6,4,3,3800,0,2660.0
ORD-1405,2025-02-10,6,3,3,3800,0.05,2660.0
ORD-1406,2025-11-05,10,8,4,1800,0,1080.0
ORD-1407,2025-05-10,4,1,2,6800,0.1,5032.0
ORD-1408,2025-08-03,1,4,4,52000,0.1,40560.0
ORD-1409,2025-09-29,6,7,4,3800,0.1,2660.0
ORD-1410,2025-11-05,3,5,4,4500,0.1,3060.0
ORD-1411,2025-03-24,6,5,1,3800,0.15,2660.0
ORD-1412,2025-07-08,7,1,3,340,0.15,153.0
ORD-1413,2025-10-15,12,7,3,3200,0,2080.0
ORD-1414,2025-10-19,11,5,3,650,0.15,331.5
ORD-1415,2025-09-03,4,4,1,6800,0.15,5032.0
ORD-1416,2025-11-17,1,1,1,52000,0.15,40560.0
ORD-1417,2025-01-26,4,3,2,6800,0.15,5032.0
ORD-1418,2025-11-20,6,1,4,3800,0.15,2660.0
ORD-1419,2025-11-01,6,3,4,3800,0,2660.0
ORD-1420,2025-11-11,7,1,3,340,0,153.0
ORD-1421,2025-02-06,5,2,2,9200,0,7084.0
ORD-1422,2025-02-10,7,5,2,340,0,153.0
ORD-1423,2025-05-01,12,3,1,3200,0.05,2080.0
ORD-1424,2025-05-14,6,8,3,3800,0.1,2660.0
ORD-1425,2025-12-02,4,4,2,6800,0.15,5032.0
ORD-1426,2025-08-25,9,2,4,720,0,396.0
ORD-1427,2025-05-18,7,1,1,340,0.1,153.0
ORD-1428,2025-09-30,1,8,3,52000,0.15,40560.0
ORD-1429,2025-10-08,9,4,2,720,0.05,396.0
ORD-1430,2025-07-28,11,3,2,650,0,331.5
ORD-1431,2025-12-26,4,3,4,6800,0.15,5032.0
ORD-1432,2025-01-15,10,1,3,1800,0,1080.0
ORD-1433,2025-12-16,5,8,3,9200,0.1,7084.0
ORD-1434,2025-11-07,10,1,3,1800,0,1080.0
ORD-1435,2025-08-03,5,5,1,9200,0.1,7084.0
ORD-1436,2025-11-24,9,2,3,720,0.1,396.0
ORD-1437,2025-08-26,6,8,3,3800,0.05,2660.0
ORD-1438,2025-10-09,4,2,3,6800,0.05,5032.0
ORD-1439,2025-12-11,1,4,2,52000,0,40560.0
ORD-1440,2025-01-01,11,4,2,650,0.1,331.5
ORD-1441,2025-10-16,7,4,1,340,0,153.0
ORD-1442,2025-12-27,11,3,4,650,0,331.5
ORD-1443,2025-11-27,10,1,3,1800,0.1,1080.0
ORD-1444,2025-11-23,1,3,1,52000,0.1,40560.0
ORD-1445,2025-04-01,4,5,1,6800,0.05,5032.0
ORD-1446,2025-10-07,2,2,3,2400,0,1488.0
ORD-1447,2025-08-12,1,7,3,52000,0.1,40560.0
ORD-1448,2025-10-07,1,1,2,52000,0.1,40560.0
ORD-1449,2025-05-17,8,2,2,190,0.15,79.8
ORD-1450,2025-10-22,11,4,2,650,0,331.5
ORD-1451,2025-10-05,5,5,2,9200,0.15,7084.0
ORD-1452,2025-05-28,11,5,1,650,0.15,331.5
ORD-1453,2025-10-29,8,5,1,190,0.1,79.8
ORD-1454,2025-12-02,6,2,4,3800,0.1,2660.0
ORD-1455,2025-10-15,8,6,3,190,0.15,79.8
ORD-1456,2025-12-08,1,4,3,52000,0.1,40560.0
ORD-1457,2025-05-13,4,7,3,6800,0,5032.0
ORD-1458,2025-11-24,4,7,4,6800,0,5032.0
ORD-1459,2025-04-11,5,1,1,9200,0,7084.0
ORD-1460,2025-07-01,10,2,3,1800,0.05,1080.0
ORD-1461,2025-07-31,6,4,1,3800,0.05,2660.0
ORD-1462,2025-04-03,10,5,4,1800,0,1080.0
ORD-1463,2025-09-03,1,2,1,52000,0.1,40560.0
ORD-1464,2025-11-03,3,1,1,4500,0.1,3060.0
ORD-1465,2025-09-14,2,4,1,2400,0,1488.0
ORD-1466,2025-05-13,7,6,1,340,0.15,153.0
ORD-1467,2025-04-20,11,3,1,650,0.1,331.5
ORD-1468,2025-11-29,10,5,1,1800,0.05,1080.0
ORD-1469,2025-10-01,8,2,3,190,0.15,79.8
ORD-1470,2025-02-20,12,6,1,3200,0.15,2080.0
ORD-1471,2025-04-19,3,3,3,4500,0.05,3060.0
ORD-1472,2025-10-15,3,6,2,4500,0,3060.0
ORD-1473,2025-02-10,10,8,4,1800,0.15,1080.0
ORD-1474,2025-11-10,10,3,2,1800,0,1080.0
ORD-1475,2025-09-10,6,4,1,3800,0.15,2660.0
ORD-1476,2025-10-02,4,3,1,6800,0.1,5032.0
ORD-1477,2025-12-21,4,2,1,6800,0.05,5032.0
ORD-1478,2025-07-23,8,4,3,190,0.15,79.8
ORD-1479,2025-06-10,7,1,3,340,0,153.0
ORD-1480,2025-12-30,1,7,4,52000,0,40560.0
ORD-1481,2025-09-23,4,2,4,6800,0.15,5032.0
ORD-1482,2025-07-25,6,3,4,3800,0,2660.0
ORD-1483,2025-11-01,6,3,1,3800,0,2660.0
ORD-1484,2025-08-05,5,5,4,9200,0,7084.0
ORD-1485,2025-12-12,1,2,1,52000,0,40560.0
ORD-1486,2025-03-29,5,7,2,9200,0.05,7084.0
ORD-1487,2025-04-07,1,7,2,52000,0.05,40560.0
ORD-1488,2025-01-22,3,2,4,4500,0,3060.0
ORD-1489,2025-04-15,4,5,3,6800,0.05,5032.0
ORD-1490,2025-12-26,10,1,4,1800,0,1080.0
ORD-1491,2025-12-05,4,3,2,6800,0.15,5032.0
ORD-1492,2025-06-20,7,6,2,340,0,153.0
ORD-1493,2025-09-28,9,2,3,720,0,396.0
ORD-1494,2025-01-26,5,8,2,9200,0.15,7084.0
ORD-1495,2025-12-07,12,6,1,3200,0.1,2080.0
ORD-1496,2025-09-06,9,3,4,720,0.15,396.0
ORD-1497,2025-08-06,6,5,3,3800,0.15,2660.0
ORD-1498,2025-10-16,8,3,3,190,0.15,79.8
ORD-1499,2025-12-19,11,2,1,650,0,331.5
ORD-1500,2025-04-28,4,2,4,6800,0,5032.0
ORD-1501,2025-12-19,3,4,3,4500,0.05,3060.0
ORD-1502,2025-03-03,5,3,4,9200,0.15,7084.0
ORD-1503,2025-09-15,9,3,3,720,0.1,396.0
ORD-1504,2025-07-12,8,3,3,190,0.05,79.8
ORD-1505,2025-03-08,5,7,1,9200,0.05,7084.0
ORD-1506,2025-05-17,9,8,1,720,0.05,396.0
ORD-1507,2025-02-03,6,2,1,3800,0.15,2660.0
ORD-1508,2025-04-11,5,2,3,9200,0.05,7084.0
ORD-1509,2025-09-05,12,6,3,3200,0,2080.0
ORD-1510,2025-05-12,7,6,4,340,0.15,153.0
ORD-1511,2025-01-21,9,2,2,720,0.1,396.0
ORD-1512,2025-10-07,8,4,2,190,0.15,79.8
ORD-1513,2025-08-15,12,6,4,3200,0.05,2080.0
ORD-1514,2025-05-07,7,3,4,340,0,153.0
ORD-1515,2025-11-01,6,7,2,3800,0.15,2660.0
ORD-1516,2025-05-24,1,2,4,52000,0.05,40560.0
ORD-1517,2025-07-22,7,4,3,340,0.05,153.0
ORD-1518,2025-09-02,3,4,2,4500,0.05,3060.0
ORD-1519,2025-11-30,10,2,4,1800,0.1,1080.0
ORD-1520,2025-06-18,7,1,2,340,0.1,153.0
ORD-1521,2025-09-15,11,1,3,650,0,331.5
ORD-1522,2025-10-06,1,2,4,52000,0,40560.0
ORD-1523,2025-02-13,5,2,2,9200,0,7084.0
ORD-1524,2025-08-15,1,1,3,52000,0.15,40560.0
ORD-1525,2025-05-30,7,8,4,340,0,153.0
ORD-1526,2025-03-14,8,8,1,190,0.1,79.8
ORD-1527,2025-11-05,4,6,3,6800,0.1,5032.0
ORD-1528,2025-10-06,10,2,3,1800,0.15,1080.0
ORD-1529,2025-10-15,5,8,2,9200,0,7084.0
ORD-1530,2025-07-27,7,2,2,340,0.15,153.0
ORD-1531,2025-09-16,8,1,4,190,0.15,79.8
ORD-1532,2025-02-21,8,3,3,190,0.05,79.8
ORD-1533,2025-11-28,3,1,4,4500,0,3060.0
ORD-1534,2025-09-14,8,5,4,190,0,79.8
ORD-1535,2025-02-23,1,2,2,52000,0,40560.0
ORD-1536,2025-09-10,11,7,1,650,0,331.5
ORD-1537,2025-07-25,9,1,1,720,0.05,396.0
ORD-1538,2025-02-25,6,1,4,3800,0.1,2660.0
ORD-1539,2025-04-02,8,5,1,190,0,79.8
ORD-1540,2025-10-15,7,7,3,340,0.1,153.0
ORD-1541,2025-06-01,5,2,1,9200,0,7084.0
ORD-1542,2025-10-16,8,4,1,190,0,79.8
ORD-1543,2025-04-15,3,7,4,4500,0.05,3060.0
ORD-1544,2025-03-01,10,2,1,1800,0,1080.0
ORD-1545,2025-08-13,3,5,1,4500,0,3060.0
ORD-1546,2025-03-12,3,7,2,4500,0,3060.0
ORD-1547,2025-08-15,12,5,1,3200,0.15,2080.0
ORD-1548,2025-10-29,2,3,4,2400,0.05,1488.0
ORD-1549,2025-09-02,7,3,2,340,0,153.0
ORD-1550,2025-04-03,1,8,4,52000,0,40560.0
ORD-1551,2025-06-07,11,8,1,650,0,331.5
ORD-1552,2025-02-27,11,1,2,650,0,331.5
ORD-1553,2025-08-27,6,5,3,3800,0.15,2660.0
ORD-1554,2025-09-30,9,1,4,720,0.1,396.0
ORD-1555,2025-04-12,6,3,2,3800,0,2660.0
ORD-1556,2025-05-13,4,1,4,6800,0,5032.0
ORD-1557,2025-11-21,10,1,3,1800,0,1080.0
ORD-1558,2025-04-10,10,5,4,1800,0,1080.0
ORD-1559,2025-11-30,10,8,2,1800,0.05,1080.0
ORD-1560,2025-09-21,12,2,4,3200,0,2080.0
ORD-1561,2025-09-29,12,1,3,3200,0.1,2080.0
ORD-1562,2025-01-30,10,4,4,1800,0.1,1080.0
ORD-1563,2025-10-17,10,1,1,1800,0,1080.0
ORD-1564,2025-11-04,5,6,2,9200,0.1,7084.0
ORD-1565,2025-09-02,3,2,3,4500,0.1,3060.0
ORD-1566,2025-03-07,11,8,1,650,0,331.5
ORD-1567,2025-09-15,12,2,3,3200,0,2080.0
ORD-1568,2025-09-25,1,6,4,52000,0.05,40560.0
ORD-1569,2025-04-24,6,2,3,3800,0,2660.0
ORD-1570,2025-01-30,11,4,2,650,0,331.5
ORD-1571,2025-06-11,3,1,4,4500,0,3060.0
ORD-1572,2025-08-31,4,8,1,6800,0,5032.0
ORD-1573,2025-03-06,10,4,2,1800,0,1080.0
ORD-1574,2025-07-15,5,2,2,9200,0,7084.0
ORD-1575,2025-03-08,5,3,3,9200,0.15,7084.0
ORD-1576,2025-09-09,8,3,1,190,0.05,79.8
ORD-1577,2025-03-15,7,6,4,340,0,153.0
ORD-1578,2025-11-01,7,6,4,340,0,153.0
ORD-1579,2025-12-20,9,5,2,720,0.15,396.0
ORD-1580,2025-04-15,5,3,4,9200,0.05,7084.0
ORD-1581,2025-09-03,6,2,2,3800,0.1,2660.0
ORD-1582,2025-12-01,1,3,3,52000,0.1,40560.0
ORD-1583,2025-07-13,12,3,3,3200,0.1,2080.0
ORD-1584,2025-09-19,2,8,4,2400,0,1488.0
ORD-1585,2025-03-30,10,6,2,1800,0,1080.0
ORD-1586,2025-12-25,12,5,3,3200,0.15,2080.0
ORD-1587,2025-09-12,12,8,1,3200,0.1,2080.0
ORD-1588,2025-10-08,8,5,1,190,0.05,79.8
ORD-1589,2025-10-23,11,4,2,650,0.05,331.5
ORD-1590,2025-12-05,5,4,2,9200,0.15,7084.0
ORD-1591,2025-10-06,1,5,1,52000,0,40560.0
ORD-1592,2025-12-13,12,7,1,3200,0.15,2080.0
ORD-1593,2025-12-06,7,4,3,340,0.05,153.0
ORD-1594,2025-08-29,7,6,3,340,0.1,153.0
ORD-1595,2025-12-28,2,6,1,2400,0.15,1488.0
ORD-1596,2025-06-05,5,5,2,9200,0.1,7084.0
ORD-1597,2025-01-06,8,1,1,190,0,79.8
ORD-1598,2025-10-17,7,1,3,340,0.1,153.0
ORD-1599,2025-06-23,3,2,2,4500,0.1,3060.0
ORD-1600,2025-12-15,10,2,2,1800,0,1080.0
ORD-1601,2025-10-26,4,3,3,6800,0.1,5032.0
ORD-1602,2025-12-04,11,2,2,650,0,331.5
ORD-1603,2025-06-09,2,4,3,2400,0,1488.0
ORD-1604,2025-07-22,2,2,1,2400,0,1488.0
ORD-1605,2025-12-22,10,2,1,1800,0,1080.0
ORD-1606,2025-11-13,10,3,3,1800,0.1,1080.0
ORD-1607,2025-06-14,6,8,3,3800,0.05,2660.0
ORD-1608,2025-11-12,11,5,4,650,0.1,331.5
ORD-1609,2025-12-28,6,3,1,3800,0,2660.0
ORD-1610,2025-10-24,3,1,1,4500,0.15,3060.0
ORD-1611,2025-08-31,12,3,2,3200,0.05,2080.0
ORD-1612,2025-10-28,8,1,4,190,0,79.8
ORD-1613,2025-09-27,6,7,1,3800,0.05,2660.0
ORD-1614,2025-12-24,6,4,4,3800,0,2660.0
ORD-1615,2025-06-20,2,8,3,2400,0.1,1488.0
ORD-1616,2025-12-16,11,2,1,650,0.1,331.5
ORD-1617,2025-04-05,9,4,1,720,0,396.0
ORD-1618,2025-02-27,11,7,4,650,0,331.5
ORD-1619,2025-12-16,11,2,2,650,0,331.5
ORD-1620,2025-11-22,12,3,1,3200,0,2080.0
ORD-1621,2025-10-06,6,2,4,3800,0.05,2660.0
ORD-1622,2025-04-16,11,8,1,650,0,331.5
ORD-1623,2025-09-16,2,8,3,2400,0,1488.0
ORD-1624,2025-11-20,2,7,3,2400,0.1,1488.0
ORD-1625,2025-10-24,7,2,4,340,0,153.0
ORD-1626,2025-02-03,2,6,1,2400,0.05,1488.0
ORD-1627,2025-12-24,2,7,3,2400,0,1488.0
ORD-1628,2025-12-19,12,1,1,3200,0.05,2080.0
ORD-1629,2025-08-28,7,6,4,340,0.05,153.0
ORD-1630,2025-11-30,3,3,2,4500,0,3060.0
ORD-1631,2025-08-15,6,7,2,3800,0.05,2660.0
ORD-1632,2025-08-15,3,6,3,4500,0,3060.0
ORD-1633,2025-11-27,12,2,1,3200,0.15,2080.0
ORD-1634,2025-08-23,2,3,3,2400,0.15,1488.0
ORD-1635,2025-11-16,5,8,4,9200,0,7084.0
ORD-1636,2025-06-27,12,5,2,3200,0,2080.0
ORD-1637,2025-01-28,3,2,4,4500,0.1,3060.0
ORD-1638,2025-11-30,3,3,1,4500,0.15,3060.0
ORD-1639,2025-07-16,6,1,4,3800,0.1,2660.0
ORD-1640,2025-10-10,12,3,2,3200,0.15,2080.0
ORD-1641,2025-03-25,10,3,1,1800,0.05,1080.0
ORD-1642,2025-03-05,8,7,4,190,0.05,79.8
ORD-1643,2025-04-26,12,3,2,3200,0,2080.0
ORD-1644,2025-11-04,11,8,2,650,0.1,331.5
ORD-1645,2025-07-27,3,3,1,4500,0,3060.0
ORD-1646,2025-07-31,1,5,1,52000,0.15,40560.0
ORD-1647,2025-09-05,11,1,4,650,0,331.5
ORD-1648,2025-04-16,5,6,2,9200,0.1,7084.0
ORD-1649,2025-12-22,11,7,1,650,0.1,331.5
ORD-1650,2025-10-09,11,1,4,650,0.05,331.5
ORD-1651,2025-02-04,8,4,2,190,0,79.8
ORD-1652,2025-12-16,5,2,1,9200,0.15,7084.0
ORD-1653,2025-08-21,12,4,4,3200,0.05,2080.0
ORD-1654,2025-02-03,12,6,2,3200,0.1,2080.0
ORD-1655,2025-01-18,9,4,4,720,0,396.0
ORD-1656,2025-09-23,11,8,1,650,0,331.5
ORD-1657,2025-12-06,10,4,2,1800,0,1080.0
ORD-1658,2025-11-04,1,2,2,52000,0.15,40560.0
ORD-1659,2025-03-18,5,8,1,9200,0,7084.0
ORD-1660,2025-08-12,9,8,2,720,0.1,396.0
ORD-1661,2025-10-08,5,7,1,9200,0.15,7084.0
ORD-1662,2025-05-18,8,4,2,190,0.15,79.8
ORD-1663,2025-05-30,6,5,2,3800,0,2660.0
ORD-1664,2025-01-02,4,7,2,6800,0.05,5032.0
ORD-1665,2025-04-05,10,3,2,1800,0.15,1080.0
ORD-1666,2025-03-20,7,2,1,340,0.15,153.0
ORD-1667,2025-06-29,3,1,4,4500,0.1,3060.0
ORD-1668,2025-04-14,12,2,2,3200,0.15,2080.0
ORD-1669,2025-09-09,11,4,2,650,0.05,331.5
ORD-1670,2025-10-17,10,7,2,1800,0.1,1080.0
ORD-1671,2025-05-26,7,8,4,340,0,153.0
ORD-1672,2025-04-09,2,3,1,2400,0.15,1488.0
ORD-1673,2025-06-03,6,1,3,3800,0.05,2660.0
ORD-1674,2025-11-09,1,8,1,52000,0.1,40560.0
ORD-1675,2025-04-04,2,5,2,2400,0.15,1488.0
ORD-1676,2025-05-27,8,3,1,190,0.15,79.8
ORD-1677,2025-09-10,9,1,3,720,0.15,396.0
ORD-1678,2025-01-11,7,6,2,340,0.05,153.0
ORD-1679,2025-10-26,9,4,4,720,0.1,396.0
ORD-1680,2025-05-22,9,1,2,720,0,396.0
ORD-1681,2025-09-09,1,5,3,52000,0,40560.0
ORD-1682,2025-07-15,3,6,4,4500,0.05,3060.0
ORD-1683,2025-08-09,7,5,2,340,0.05,153.0
ORD-1684,2025-02-10,7,5,3,340,0,153.0
ORD-1685,2025-02-08,2,1,2,2400,0.15,1488.0
ORD-1686,2025-10-18,8,5,1,190,0.1,79.8
ORD-1687,2025-12-05,8,5,4,190,0.15,79.8
ORD-1688,2025-10-18,12,1,1,3200,0.1,2080.0
ORD-1689,2025-04-27,12,5,1,3200,0.1,2080.0
ORD-1690,2025-10-08,12,3,1,3200,0.15,2080.0
ORD-1691,2025-03-30,9,1,2,720,0,396.0
ORD-1692,2025-11-17,6,4,1,3800,0.1,2660.0
ORD-1693,2025-03-04,6,7,2,3800,0.15,2660.0
ORD-1694,2025-11-10,5,2,4,9200,0.05,7084.0
ORD-1695,2025-01-21,10,8,4,1800,0,1080.0
ORD-1696,2025-12-31,11,7,1,650,0.1,331.5
ORD-1697,2025-11-02,6,3,1,3800,0.15,2660.0
ORD-1698,2025-05-04,1,3,3,52000,0,40560.0
ORD-1699,2025-01-14,8,4,2,190,0,79.8
ORD-1700,2025-12-14,2,1,4,2400,0,1488.0
ORD-1701,2025-10-08,8,2,4,190,0.05,79.8
ORD-1702,2025-07-06,9,8,3,720,0,396.0
ORD-1703,2025-10-15,3,6,2,4500,0.05,3060.0
ORD-1704,2025-01-29,12,2,2,3200,0,2080.0
ORD-1705,2025-01-13,7,1,3,340,0,153.0
ORD-1706,2025-04-16,11,3,3,650,0,331.5
ORD-1707,2025-08-26,11,6,2,650,0.05,331.5
ORD-1708,2025-11-13,9,1,4,720,0,396.0
ORD-1709,2025-02-01,3,4,2,4500,0.05,3060.0
ORD-1710,2025-11-08,1,8,3,52000,0.1,40560.0
ORD-1711,2025-10-14,8,3,3,190,0.05,79.8
ORD-1712,2025-11-08,10,2,2,1800,0.15,1080.0
ORD-1713,2025-05-04,5,2,2,9200,0.1,7084.0
ORD-1714,2025-10-26,2,8,2,2400,0,1488.0
ORD-1715,2025-09-21,3,1,2,4500,0,3060.0
ORD-1716,2025-01-07,3,5,4,4500,0,3060.0
ORD-1717,2025-02-02,7,2,4,340,0.15,153.0
ORD-1718,2025-09-08,4,3,3,6800,0.1,5032.0
ORD-1719,2025-08-21,1,2,3,52000,0,40560.0
ORD-1720,2025-05-12,12,2,4,3200,0,2080.0
ORD-1721,2025-01-02,1,2,1,52000,0.05,40560.0
ORD-1722,2025-07-30,10,2,1,1800,0.1,1080.0
ORD-1723,2025-12-12,6,1,3,3800,0,2660.0
ORD-1724,2025-01-18,3,6,3,4500,0.05,3060.0
ORD-1725,2025-06-25,10,5,3,1800,0,1080.0
ORD-1726,2025-04-13,2,5,1,2400,0,1488.0
ORD-1727,2025-09-02,10,5,2,1800,0,1080.0
ORD-1728,2025-12-03,9,5,3,720,0.05,396.0
ORD-1729,2025-12-07,9,1,2,720,0,396.0
ORD-1730,2025-07-23,5,3,3,9200,0.05,7084.0
ORD-1731,2025-10-30,7,3,1,340,0.1,153.0
ORD-1732,2025-12-17,1,2,2,52000,0.15,40560.0
ORD-1733,2025-12-10,1,6,1,52000,0,40560.0
ORD-1734,2025-06-22,9,3,1,720,0,396.0
ORD-1735,2025-08-18,7,2,4,340,0.15,153.0
ORD-1736,2025-03-06,10,5,2,1800,0.15,1080.0
ORD-1737,2025-12-26,9,5,4,720,0.15,396.0
ORD-1738,2025-08-10,4,4,3,6800,0.05,5032.0
ORD-1739,2025-03-02,9,1,2,720,0.05,396.0
ORD-1740,2025-03-29,5,7,2,9200,0.05,7084.0
ORD-1741,2025-01-08,4,5,1,6800,0,5032.0
ORD-1742,2025-09-12,6,2,1,3800,0.15,2660.0
ORD-1743,2025-03-29,10,8,3,1800,0.05,1080.0
ORD-1744,2025-09-01,6,1,2,3800,0.05,2660.0
ORD-1745,2025-12-18,11,8,1,650,0.1,331.5
ORD-1746,2025-04-21,11,2,2,650,0.1,331.5
ORD-1747,2025-05-19,11,3,4,650,0,331.5
ORD-1748,2025-10-14,6,1,2,3800,0.1,2660.0
ORD-1749,2025-03-06,3,4,2,4500,0.15,3060.0
ORD-1750,2025-10-21,5,1,1,9200,0.05,7084.0
ORD-1751,2025-03-13,11,1,2,650,0,331.5
ORD-1752,2025-07-15,11,5,4,650,0,331.5
ORD-1753,2025-03-25,1,3,1,52000,0.1,40560.0
ORD-1754,2025-02-01,11,2,1,650,0,331.5
ORD-1755,2025-02-05,11,8,1,650,0,331.5
ORD-1756,2025-02-24,6,1,1,3800,0,2660.0
ORD-1757,2025-11-29,8,2,2,190,0.05,79.8
ORD-1758,2025-03-02,9,1,3,720,0.15,396.0
ORD-1759,2025-11-04,9,4,3,720,0,396.0
ORD-1760,2025-11-05,1,2,2,52000,0,40560.0
ORD-1761,2025-06-12,11,8,3,650,0,331.5
ORD-1762,2025-10-22,12,1,1,3200,0.1,2080.0
ORD-1763,2025-02-04,5,5,3,9200,0,7084.0
ORD-1764,2025-02-03,1,3,2,52000,0,40560.0
ORD-1765,2025-06-06,11,7,4,650,0,331.5
ORD-1766,2025-10-20,5,2,3,9200,0,7084.0
ORD-1767,2025-08-12,5,7,1,9200,0,7084.0
ORD-1768,2025-12-25,11,1,2,650,0.05,331.5
ORD-1769,2025-07-26,8,4,1,190,0,79.8
ORD-1770,2025-12-09,3,8,1,4500,0.05,3060.0
ORD-1771,2025-03-13,6,3,3,3800,0.1,2660.0
ORD-1772,2025-10-14,10,6,3,1800,0,1080.0
ORD-1773,2025-10-08,7,4,4,340,0.15,153.0
ORD-1774,2025-08-18,9,1,2,720,0.1,396.0
ORD-1775,2025-10-17,10,2,2,1800,0,1080.0
ORD-1776,2025-01-28,1,3,3,52000,0.15,40560.0
ORD-1777,2025-03-04,1,7,3,52000,0.05,40560.0
ORD-1778,2025-11-27,3,1,3,4500,0.1,3060.0
ORD-1779,2025-11-30,7,7,2,340,0,153.0
ORD-1780,2025-01-05,2,6,2,2400,0.1,1488.0
ORD-1781,2025-10-14,6,5,1,3800,0,2660.0
ORD-1782,2025-02-27,10,1,2,1800,0,1080.0
ORD-1783,2025-03-08,2,7,1,2400,0.15,1488.0
ORD-1784,2025-07-25,3,6,4,4500,0,3060.0
ORD-1785,2025-10-10,8,3,4,190,0.05,79.8
ORD-1786,2025-09-01,5,1,1,9200,0,7084.0
ORD-1787,2025-09-20,3,3,2,4500,0,3060.0
ORD-1788,2025-07-31,8,4,3,190,0.15,79.8
ORD-1789,2025-10-14,3,4,3,4500,0,3060.0
ORD-1790,2025-12-05,12,5,2,3200,0.1,2080.0
ORD-1791,2025-04-06,12,3,1,3200,0.1,2080.0
ORD-1792,2025-10-13,7,6,2,340,0,153.0
ORD-1793,2025-10-07,5,1,1,9200,0,7084.0
ORD-1794,2025-09-28,6,2,1,3800,0,2660.0
ORD-1795,2025-08-03,4,2,1,6800,0.05,5032.0
ORD-1796,2025-04-30,1,1,2,52000,0.05,40560.0
ORD-1797,2025-09-02,10,1,4,1800,0,1080.0
ORD-1798,2025-02-10,1,8,3,52000,0.05,40560.0
ORD-1799,2025-08-11,7,5,3,340,0,153.0
ORD-1800,2025-02-14,12,6,1,3200,0.15,2080.0
ORD-1801,2025-03-19,7,7,4,340,0.15,153.0
ORD-1802,2025-01-06,3,7,4,4500,0,3060.0
ORD-1803,2025-02-23,4,6,2,6800,0,5032.0
ORD-1804,2025-03-31,9,6,3,720,0.1,396.0
ORD-1805,2025-06-12,10,7,4,1800,0,1080.0
ORD-1806,2025-11-13,4,4,2,6800,0.15,5032.0
ORD-1807,2025-12-19,11,6,4,650,0,331.5
ORD-1808,2025-03-28,5,1,1,9200,0.1,7084.0
ORD-1809,2025-05-30,5,2,2,9200,0,7084.0
ORD-1810,2025-06-03,2,2,2,2400,0.1,1488.0
ORD-1811,2025-07-09,8,8,2,190,0,79.8
ORD-1812,2025-08-12,5,7,4,9200,0.1,7084.0
ORD-1813,2025-12-05,8,7,3,190,0.15,79.8
ORD-1814,2025-12-12,2,3,4,2400,0.15,1488.0
ORD-1815,2025-12-22,1,5,1,52000,0,40560.0
ORD-1816,2025-09-05,2,1,3,2400,0.1,1488.0
ORD-1817,2025-06-03,4,5,4,6800,0.1,5032.0
ORD-1818,2025-06-15,11,1,4,650,0,331.5
ORD-1819,2025-10-30,7,3,4,340,0,153.0
ORD-1820,2025-02-11,10,5,4,1800,0,1080.0
ORD-1821,2025-07-09,8,1,1,190,0.15,79.8
ORD-1822,2025-07-21,4,1,3,6800,0.15,5032.0
ORD-1823,2025-09-13,1,8,3,52000,0.1,40560.0
ORD-1824,2025-04-07,1,2,4,52000,0.05,40560.0
ORD-1825,2025-03-05,2,1,3,2400,0.1,1488.0
ORD-1826,2025-12-15,7,2,2,340,0.05,153.0
ORD-1827,2025-01-29,7,1,3,340,0.05,153.0
ORD-1828,2025-06-14,8,5,4,190,0.15,79.8
ORD-1829,2025-03-23,7,3,3,340,0.15,153.0
ORD-1830,2025-01-26,10,5,2,1800,0,1080.0
ORD-1831,2025-09-05,6,1,3,3800,0,2660.0
ORD-1832,2025-07-05,8,6,3,190,0,79.8
ORD-1833,2025-10-09,9,8,1,720,0.1,396.0
ORD-1834,2025-11-21,8,2,1,190,0,79.8
ORD-1835,2025-12-14,12,3,2,3200,0.15,2080.0
ORD-1836,2025-06-07,11,6,1,650,0.05,331.5
ORD-1837,2025-01-29,5,5,1,9200,0.1,7084.0
ORD-1838,2025-07-14,6,3,3,3800,0.15,2660.0
ORD-1839,2025-12-11,2,3,2,2400,0.1,1488.0
ORD-1840,2025-03-20,3,2,4,4500,0.1,3060.0
ORD-1841,2025-10-22,7,8,3,340,0.15,153.0
ORD-1842,2025-12-04,2,5,1,2400,0,1488.0
ORD-1843,2025-09-14,2,8,4,2400,0.15,1488.0
ORD-1844,2025-02-15,9,7,1,720,0.05,396.0
ORD-1845,2025-04-25,8,2,4,190,0,79.8
ORD-1846,2025-07-04,6,7,4,3800,0.1,2660.0
ORD-1847,2025-09-26,12,8,4,3200,0,2080.0
ORD-1848,2025-11-17,5,2,3,9200,0.05,7084.0
ORD-1849,2025-12-30,7,7,2,340,0,153.0
ORD-1850,2025-07-01,1,7,2,52000,0.05,40560.0
ORD-1851,2025-08-24,10,1,3,1800,0.05,1080.0
ORD-1852,2025-09-14,4,5,4,6800,0,5032.0
ORD-1853,2025-06-02,10,8,4,1800,0,1080.0
ORD-1854,2025-06-24,3,4,4,4500,0.05,3060.0
ORD-1855,2025-07-04,12,1,2,3200,0.15,2080.0
ORD-1856,2025-09-13,11,1,3,650,0.15,331.5
ORD-1857,2025-05-03,2,1,1,2400,0.1,1488.0
ORD-1858,2025-11-05,1,3,1,52000,0.15,40560.0
ORD-1859,2025-10-05,8,2,3,190,0,79.8
ORD-1860,2025-12-10,4,6,2,6800,0.1,5032.0
ORD-1861,2025-10-09,2,5,2,2400,0,1488.0
ORD-1862,2025-09-04,2,1,4,2400,0.15,1488.0
ORD-1863,2025-03-09,3,4,1,4500,0,3060.0
ORD-1864,2025-06-27,4,4,4,6800,0,5032.0
ORD-1865,2025-01-03,8,5,1,190,0,79.8
ORD-1866,2025-06-11,11,1,4,650,0,331.5
ORD-1867,2025-01-06,11,8,1,650,0,331.5
ORD-1868,2025-12-16,10,4,1,1800,0,1080.0
ORD-1869,2025-04-04,4,1,1,6800,0.15,5032.0
ORD-1870,2025-08-05,4,7,3,6800,0,5032.0
ORD-1871,2025-01-05,4,2,1,6800,0,5032.0
ORD-1872,2025-07-31,2,5,3,2400,0.15,1488.0
ORD-1873,2025-07-26,8,8,4,190,0.15,79.8
ORD-1874,2025-12-09,3,8,2,4500,0.05,3060.0
ORD-1875,2025-02-26,10,6,3,1800,0,1080.0
ORD-1876,2025-12-16,7,4,4,340,0.1,153.0
ORD-1877,2025-05-11,10,3,1,1800,0.15,1080.0
ORD-1878,2025-04-12,6,1,1,3800,0.1,2660.0
ORD-1879,2025-01-17,5,4,4,9200,0.05,7084.0
ORD-1880,2025-12-31,9,1,3,720,0.1,396.0
ORD-1881,2025-03-11,7,2,2,340,0.05,153.0
ORD-1882,2025-04-12,6,1,2,3800,0.05,2660.0
ORD-1883,2025-05-01,12,3,3,3200,0,2080.0
ORD-1884,2025-11-29,4,2,1,6800,0.1,5032.0
ORD-1885,2025-04-07,2,8,3,2400,0.15,1488.0
ORD-1886,2025-11-22,2,2,4,2400,0.1,1488.0
ORD-1887,2025-05-07,1,1,4,52000,0.1,40560.0
ORD-1888,2025-05-04,2,4,4,2400,0,1488.0
ORD-1889,2025-09-08,10,1,1,1800,0.05,1080.0
ORD-1890,2025-11-19,1,1,4,52000,0.05,40560.0
ORD-1891,2025-12-02,9,5,1,720,0.05,396.0
ORD-1892,2025-02-04,7,2,3,340,0.05,153.0
ORD-1893,2025-06-03,9,5,3,720,0.1,396.0
ORD-1894,2025-06-23,8,7,4,190,0,79.8
ORD-1895,2025-12-04,1,7,2,52000,0,40560.0
ORD-1896,2025-03-11,12,1,4,3200,0,2080.0
ORD-1897,2025-04-29,6,2,1,3800,0,2660.0
ORD-1898,2025-11-04,1,2,3,52000,0,40560.0
ORD-1899,2025-10-26,7,8,3,340,0,153.0
ORD-1900,2025-09-04,3,6,3,4500,0,3060.0
ORD-1901,2025-12-31,7,4,4,340,0,153.0
ORD-1902,2025-04-16,11,2,4,650,0.05,331.5
ORD-1903,2025-10-08,2,5,3,2400,0.05,1488.0
ORD-1904,2025-06-27,4,1,2,6800,0,5032.0
ORD-1905,2025-08-07,1,6,2,52000,0.1,40560.0
ORD-1906,2025-03-04,6,6,2,3800,0.15,2660.0
ORD-1907,2025-08-11,5,7,4,9200,0,7084.0
ORD-1908,2025-02-05,4,8,3,6800,0.1,5032.0
ORD-1909,2025-11-17,4,1,4,6800,0,5032.0
ORD-1910,2025-07-22,5,3,1,9200,0,7084.0
ORD-1911,2025-02-04,4,2,1,6800,0.1,5032.0
ORD-1912,2025-01-22,9,2,4,720,0.05,396.0
ORD-1913,2025-12-03,6,1,4,3800,0,2660.0
ORD-1914,2025-08-17,6,2,1,3800,0.1,2660.0
ORD-1915,2025-02-21,7,2,4,340,0,153.0
ORD-1916,2025-06-20,5,3,4,9200,0.15,7084.0
ORD-1917,2025-10-21,4,1,1,6800,0,5032.0
ORD-1918,2025-12-19,5,4,2,9200,0,7084.0
ORD-1919,2025-05-29,10,3,4,1800,0.1,1080.0
ORD-1920,2025-04-27,12,2,3,3200,0.1,2080.0
ORD-1921,2025-11-12,11,2,3,650,0.15,331.5
ORD-1922,2025-01-06,9,7,4,720,0.05,396.0
ORD-1923,2025-10-06,6,2,1,3800,0,2660.0
ORD-1924,2025-12-05,1,2,4,52000,0.1,40560.0
ORD-1925,2025-03-09,2,4,2,2400,0,1488.0
ORD-1926,2025-12-19,1,3,4,52000,0,40560.0
ORD-1927,2025-01-01,10,4,3,1800,0,1080.0
ORD-1928,2025-03-05,2,6,1,2400,0.05,1488.0
ORD-1929,2025-06-16,12,2,3,3200,0.15,2080.0
ORD-1930,2025-08-12,8,2,1,190,0.05,79.8
ORD-1931,2025-06-17,11,2,4,650,0,331.5
ORD-1932,2025-08-21,1,7,2,52000,0.1,40560.0
ORD-1933,2025-10-05,6,2,4,3800,0,2660.0
ORD-1934,2025-10-14,6,2,2,3800,0,2660.0
ORD-1935,2025-12-21,2,7,3,2400,0.15,1488.0
ORD-1936,2025-07-31,9,7,2,720,0.05,396.0
ORD-1937,2025-06-11,7,2,4,340,0.05,153.0
ORD-1938,2025-01-17,12,1,3,3200,0.15,2080.0
ORD-1939,2025-11-19,6,8,3,3800,0,2660.0
ORD-1940,2025-08-22,3,4,4,4500,0,3060.0
ORD-1941,2025-05-18,11,3,2,650,0.05,331.5
ORD-1942,2025-02-10,1,2,4,52000,0,40560.0
ORD-1943,2025-11-04,1,1,4,52000,0.05,40560.0
ORD-1944,2025-06-27,1,1,1,52000,0.05,40560.0
ORD-1945,2025-12-26,9,5,2,720,0,396.0
ORD-1946,2025-03-24,4,7,4,6800,0.15,5032.0
ORD-1947,2025-05-02,8,6,3,190,0,79.8
ORD-1948,2025-09-14,7,8,1,340,0.05,153.0
ORD-1949,2025-09-06,10,6,4,1800,0.05,1080.0
ORD-1950,2025-03-25,4,3,3,6800,0,5032.0
ORD-1951,2025-04-10,2,8,3,2400,0.15,1488.0
ORD-1952,2025-07-06,7,1,4,340,0,153.0
ORD-1953,2025-07-11,9,3,3,720,0.1,396.0
ORD-1954,2025-07-31,7,7,4,340,0,153.0
ORD-1955,2025-01-25,7,5,1,340,0,153.0
ORD-1956,2025-05-08,10,5,3,1800,0,1080.0
ORD-1957,2025-12-29,5,1,1,9200,0.1,7084.0
ORD-1958,2025-10-15,9,1,4,720,0,396.0
ORD-1959,2025-05-21,2,1,3,2400,0.15,1488.0
ORD-1960,2025-05-16,12,1,3,3200,0,2080.0
ORD-1961,2025-09-17,12,4,1,3200,0,2080.0
ORD-1962,2025-09-16,3,2,2,4500,0,3060.0
ORD-1963,2025-05-30,1,5,4,52000,0.15,40560.0
ORD-1964,2025-02-01,3,1,1,4500,0.15,3060.0
ORD-1965,2025-04-16,1,1,4,52000,0.1,40560.0
ORD-1966,2025-03-13,8,7,2,190,0,79.8
ORD-1967,2025-08-27,10,1,4,1800,0.15,1080.0
ORD-1968,2025-03-01,3,1,2,4500,0,3060.0
ORD-1969,2025-10-18,4,2,4,6800,0.1,5032.0
ORD-1970,2025-10-31,10,5,4,1800,0.05,1080.0
ORD-1971,2025-06-23,2,6,4,2400,0.1,1488.0
ORD-1972,2025-03-10,8,3,1,190,0.15,79.8
ORD-1973,2025-09-02,11,7,4,650,0,331.5
ORD-1974,2025-06-05,8,1,4,190,0.05,79.8
ORD-1975,2025-03-17,9,7,2,720,0.05,396.0
ORD-1976,2025-08-17,2,3,2,2400,0,1488.0
ORD-1977,2025-10-11,8,6,2,190,0.05,79.8
ORD-1978,2025-10-30,7,3,1,340,0.1,153.0
ORD-1979,2025-07-22,3,5,3,4500,0,3060.0
ORD-1980,2025-09-19,6,1,4,3800,0,2660.0
ORD-1981,2025-11-06,4,4,1,6800,0,5032.0
ORD-1982,2025-10-11,4,7,2,6800,0,5032.0
ORD-1983,2025-03-29,7,1,4,340,0,153.0
ORD-1984,2025-04-02,12,6,1,3200,0.1,2080.0
ORD-1985,2025-09-27,1,1,2,52000,0.05,40560.0
ORD-1986,2025-07-05,11,2,2,650,0,331.5
ORD-1987,2025-07-10,4,3,2,6800,0,5032.0
ORD-1988,2025-08-26,4,1,1,6800,0.15,5032.0
ORD-1989,2025-12-04,4,7,1,6800,0,5032.0
ORD-1990,2025-06-14,10,2,1,1800,0.05,1080.0
ORD-1991,2025-10-30,12,7,4,3200,0,2080.0
ORD-1992,2025-09-16,9,5,3,720,0.05,396.0
ORD-1993,2025-08-05,2,5,4,2400,0.1,1488.0
ORD-1994,2025-12-19,2,2,2,2400,0.15,1488.0
ORD-1995,2025-02-08,1,2,3,52000,0,40560.0
ORD-1996,2025-12-30,5,1,4,9200,0.05,7084.0
ORD-1997,2025-12-31,5,4,1,9200,0.15,7084.0
ORD-1998,2025-11-30,10,5,3,1800,0.1,1080.0
ORD-1999,2025-08-29,2,5,4,2400,0.05,1488.0
ORD-2000,2025-01-14,5,7,2,9200,0.05,7084.0
ORD-2001,2025-01-07,9,2,3,720,0,396.0
ORD-2002,2025-02-19,10,8,1,1800,0.05,1080.0
ORD-2003,2025-12-20,12,3,1,3200,0.15,2080.0
ORD-2004,2025-03-24,1,4,1,52000,0,40560.0
ORD-2005,2025-04-12,7,6,4,340,0.05,153.0
ORD-2006,2025-12-08,1,6,1,52000,0,40560.0
ORD-2007,2025-11-18,10,4,4,1800,0,1080.0
ORD-2008,2025-01-25,7,5,2,340,0.1,153.0
ORD-2009,2025-08-04,8,8,1,190,0.15,79.8
ORD-2010,2025-06-07,6,2,4,3800,0,2660.0
ORD-2011,2025-02-01,4,4,4,6800,0.15,5032.0
ORD-2012,2025-12-01,12,1,2,3200,0,2080.0
ORD-2013,2025-03-06,5,3,1,9200,0.05,7084.0
ORD-2014,2025-10-08,5,3,2,9200,0.15,7084.0
ORD-2015,2025-10-22,2,8,1,2400,0.05,1488.0
ORD-2016,2025-04-23,12,3,3,3200,0,2080.0
ORD-2017,2025-05-12,9,4,3,720,0,396.0
ORD-2018,2025-05-23,9,3,1,720,0,396.0
ORD-2019,2025-07-31,10,1,4,1800,0.05,1080.0
ORD-2020,2025-12-27,9,6,2,720,0.05,396.0
ORD-2021,2025-04-12,12,8,2,3200,0,2080.0
ORD-2022,2025-10-21,8,4,1,190,0,79.8
ORD-2023,2025-01-09,10,7,4,1800,0.05,1080.0
ORD-2024,2025-02-09,10,1,4,1800,0.1,1080.0
ORD-2025,2025-06-15,1,3,2,52000,0,40560.0
ORD-2026,2025-10-18,1,4,3,52000,0,40560.0
ORD-2027,2025-06-01,10,6,3,1800,0.05,1080.0
ORD-2028,2025-09-25,1,3,3,52000,0.15,40560.0
ORD-2029,2025-07-24,12,4,1,3200,0,2080.0
ORD-2030,2025-12-30,11,3,3,650,0.15,331.5
ORD-2031,2025-09-19,9,8,3,720,0,396.0
ORD-2032,2025-07-30,4,2,2,6800,0,5032.0
ORD-2033,2025-10-09,2,2,2,2400,0.15,1488.0
ORD-2034,2025-09-02,10,2,3,1800,0.05,1080.0
ORD-2035,2025-04-21,10,2,1,1800,0,1080.0
ORD-2036,2025-10-27,5,3,2,9200,0.1,7084.0
ORD-2037,2025-07-15,1,5,3,52000,0.1,40560.0
ORD-2038,2025-08-14,1,7,1,52000,0.05,40560.0
ORD-2039,2025-08-31,2,2,4,2400,0,1488.0
ORD-2040,2025-11-09,8,5,2,190,0,79.8
ORD-2041,2025-03-20,11,1,1,650,0,331.5
ORD-2042,2025-01-22,9,2,4,720,0.15,396.0
ORD-2043,2025-08-08,1,1,3,52000,0.05,40560.0
ORD-2044,2025-11-28,6,2,1,3800,0.15,2660.0
ORD-2045,2025-02-17,8,1,1,190,0.15,79.8
ORD-2046,2025-04-19,6,5,4,3800,0,2660.0
ORD-2047,2025-12-05,1,6,3,52000,0.15,40560.0
ORD-2048,2025-06-14,11,8,3,650,0.1,331.5
ORD-2049,2025-05-01,3,2,3,4500,0,3060.0
ORD-2050,2025-03-19,1,2,1,52000,0.15,40560.0
ORD-2051,2025-05-23,12,3,3,3200,0,2080.0
ORD-2052,2025-09-22,12,6,2,3200,0.1,2080.0
ORD-2053,2025-10-31,2,4,2,2400,0.15,1488.0
ORD-2054,2025-09-18,12,6,4,3200,0.15,2080.0
ORD-2055,2025-11-17,1,4,4,52000,0.15,40560.0
ORD-2056,2025-05-07,10,2,3,1800,0,1080.0
ORD-2057,2025-11-12,4,6,4,6800,0.05,5032.0
ORD-2058,2025-02-08,8,1,4,190,0.05,79.8
ORD-2059,2025-09-03,6,2,4,3800,0.15,2660.0
ORD-2060,2025-11-08,10,2,2,1800,0.15,1080.0
ORD-2061,2025-12-22,10,2,2,1800,0.15,1080.0
ORD-2062,2025-05-11,2,3,1,2400,0.1,1488.0
ORD-2063,2025-12-19,8,7,2,190,0,79.8
ORD-2064,2025-01-04,7,5,3,340,0.15,153.0
ORD-2065,2025-07-04,3,1,1,4500,0.1,3060.0
ORD-2066,2025-03-03,3,3,4,4500,0.1,3060.0
ORD-2067,2025-06-18,4,2,3,6800,0,5032.0
ORD-2068,2025-11-11,10,1,1,1800,0,1080.0
ORD-2069,2025-12-31,8,6,4,190,0.1,79.8
ORD-2070,2025-07-25,8,5,2,190,0,79.8
ORD-2071,2025-09-27,9,7,1,720,0,396.0
ORD-2072,2025-09-12,11,2,4,650,0.1,331.5
ORD-2073,2025-03-24,10,2,3,1800,0,1080.0
ORD-2074,2025-08-02,10,2,4,1800,0.05,1080.0
ORD-2075,2025-05-06,3,3,1,4500,0,3060.0
ORD-2076,2025-05-29,10,3,3,1800,0,1080.0
ORD-2077,2025-03-10,5,2,4,9200,0.1,7084.0
ORD-2078,2025-03-31,5,5,1,9200,0,7084.0
ORD-2079,2025-03-07,9,4,2,720,0,396.0
ORD-2080,2025-01-29,9,3,2,720,0,396.0
ORD-2081,2025-11-12,4,3,3,6800,0.15,5032.0
ORD-2082,2025-07-05,8,5,3,190,0,79.8
ORD-2083,2025-12-04,8,2,4,190,0.1,79.8
ORD-2084,2025-11-09,12,6,1,3200,0.05,2080.0
ORD-2085,2025-10-08,12,1,1,3200,0.05,2080.0
ORD-2086,2025-06-15,11,7,1,650,0.05,331.5
ORD-2087,2025-01-04,12,7,3,3200,0,2080.0
ORD-2088,2025-10-29,11,2,1,650,0,331.5
ORD-2089,2025-09-28,4,3,2,6800,0.05,5032.0
ORD-2090,2025-08-06,12,1,4,3200,0.05,2080.0
ORD-2091,2025-09-03,9,3,2,720,0,396.0
ORD-2092,2025-08-20,4,3,2,6800,0,5032.0
ORD-2093,2025-05-13,11,3,2,650,0.05,331.5
ORD-2094,2025-10-06,5,5,2,9200,0.05,7084.0
ORD-2095,2025-08-21,7,3,3,340,0.15,153.0
ORD-2096,2025-02-04,5,2,4,9200,0.1,7084.0
ORD-2097,2025-10-04,3,5,4,4500,0.05,3060.0
ORD-2098,2025-06-13,12,7,2,3200,0.1,2080.0
ORD-2099,2025-11-20,7,2,2,340,0,153.0
ORD-2100,2025-08-29,7,6,1,340,0.15,153.0
ORD-2101,2025-05-11,7,3,4,340,0.1,153.0
ORD-2102,2025-05-02,5,2,4,9200,0,7084.0
ORD-2103,2025-11-10,8,4,4,190,0,79.8
ORD-2104,2025-03-07,11,5,1,650,0.15,331.5
ORD-2105,2025-03-18,1,1,1,52000,0.1,40560.0
ORD-2106,2025-10-30,6,4,1,3800,0,2660.0
ORD-2107,2025-06-07,3,2,4,4500,0,3060.0
ORD-2108,2025-03-12,6,4,4,3800,0,2660.0
ORD-2109,2025-04-01,1,1,1,52000,0.15,40560.0
ORD-2110,2025-06-16,1,2,2,52000,0.05,40560.0
ORD-2111,2025-04-25,12,2,2,3200,0,2080.0
ORD-2112,2025-03-26,7,6,4,340,0,153.0
ORD-2113,2025-12-28,2,4,1,2400,0,1488.0
ORD-2114,2025-10-24,7,6,1,340,0,153.0
ORD-2115,2025-08-30,3,6,1,4500,0.15,3060.0
ORD-2116,2025-04-20,5,4,3,9200,0.1,7084.0
ORD-2117,2025-01-09,8,2,2,190,0,79.8
ORD-2118,2025-10-16,7,1,3,340,0.1,153.0
ORD-2119,2025-12-18,5,7,4,9200,0.05,7084.0
ORD-2120,2025-08-08,7,5,1,340,0.1,153.0
ORD-2121,2025-12-25,9,2,1,720,0.1,396.0
ORD-2122,2025-12-13,4,3,4,6800,0.05,5032.0
ORD-2123,2025-02-10,6,1,2,3800,0,2660.0
ORD-2124,2025-03-28,8,1,2,190,0,79.8
ORD-2125,2025-09-16,9,6,2,720,0,396.0
ORD-2126,2025-04-10,12,1,3,3200,0,2080.0
ORD-2127,2025-10-20,7,5,1,340,0.05,153.0
ORD-2128,2025-11-26,8,8,4,190,0.05,79.8
ORD-2129,2025-04-15,12,4,4,3200,0.15,2080.0
ORD-2130,2025-10-24,2,5,1,2400,0.1,1488.0
ORD-2131,2025-06-25,1,6,2,52000,0.15,40560.0
ORD-2132,2025-03-15,2,4,1,2400,0.1,1488.0
ORD-2133,2025-09-17,8,3,2,190,0.15,79.8
ORD-2134,2025-01-04,7,4,3,340,0.05,153.0
ORD-2135,2025-09-12,10,2,2,1800,0,1080.0
ORD-2136,2025-10-26,10,4,3,1800,0.15,1080.0
ORD-2137,2025-07-07,6,4,2,3800,0,2660.0
ORD-2138,2025-11-01,6,1,4,3800,0,2660.0
ORD-2139,2025-02-01,5,5,2,9200,0,7084.0
ORD-2140,2025-08-11,2,3,1,2400,0.15,1488.0
ORD-2141,2025-03-12,11,5,2,650,0.05,331.5
ORD-2142,2025-12-09,5,5,4,9200,0.15,7084.0
ORD-2143,2025-06-25,7,4,3,340,0.15,153.0
ORD-2144,2025-10-03,10,6,2,1800,0,1080.0
ORD-2145,2025-05-09,10,6,1,1800,0,1080.0
ORD-2146,2025-09-25,7,6,3,340,0.15,153.0
ORD-2147,2025-09-09,12,1,4,3200,0,2080.0
ORD-2148,2025-11-07,2,1,2,2400,0,1488.0
ORD-2149,2025-12-11,2,4,1,2400,0,1488.0
ORD-2150,2025-07-22,8,4,3,190,0.05,79.8
ORD-2151,2025-02-18,7,5,4,340,0.1,153.0
ORD-2152,2025-06-27,9,1,3,720,0.15,396.0
ORD-2153,2025-09-07,3,7,3,4500,0,3060.0
ORD-2154,2025-09-16,12,4,3,3200,0,2080.0
ORD-2155,2025-07-12,3,7,1,4500,0.05,3060.0
ORD-2156,2025-11-12,12,5,4,3200,0,2080.0
ORD-2157,2025-12-30,4,1,4,6800,0.05,5032.0
ORD-2158,2025-10-01,4,4,4,6800,0.05,5032.0
ORD-2159,2025-01-10,6,7,1,3800,0.05,2660.0
ORD-2160,2025-08-01,10,5,3,1800,0,1080.0
ORD-2161,2025-09-13,1,5,3,52000,0.05,40560.0
ORD-2162,2025-12-27,1,5,4,52000,0.15,40560.0
ORD-2163,2025-08-16,12,3,1,3200,0,2080.0
ORD-2164,2025-09-23,3,1,2,4500,0,3060.0
ORD-2165,2025-11-04,1,2,4,52000,0,40560.0
ORD-2166,2025-11-09,4,7,1,6800,0.05,5032.0
ORD-2167,2025-11-11,12,5,2,3200,0.15,2080.0
ORD-2168,2025-06-01,11,7,4,650,0.1,331.5
ORD-2169,2025-10-03,4,1,2,6800,0.05,5032.0
ORD-2170,2025-07-09,10,3,2,1800,0.15,1080.0
ORD-2171,2025-09-27,1,4,3,52000,0.05,40560.0
ORD-2172,2025-02-15,10,8,1,1800,0.15,1080.0
ORD-2173,2025-02-03,3,2,1,4500,0,3060.0
ORD-2174,2025-09-01,3,5,1,4500,0,3060.0
ORD-2175,2025-07-29,12,7,2,3200,0.05,2080.0
ORD-2176,2025-09-29,4,1,2,6800,0.05,5032.0
ORD-2177,2025-10-06,5,2,2,9200,0.15,7084.0
ORD-2178,2025-04-07,5,8,2,9200,0,7084.0
ORD-2179,2025-05-15,5,3,1,9200,0.1,7084.0
ORD-2180,2025-06-25,11,1,4,650,0,331.5
ORD-2181,2025-11-13,3,3,2,4500,0.1,3060.0
ORD-2182,2025-11-26,5,5,2,9200,0.05,7084.0
ORD-2183,2025-08-27,12,4,3,3200,0,2080.0
ORD-2184,2025-04-07,8,8,3,190,0,79.8
ORD-2185,2025-08-21,3,3,4,4500,0,3060.0
ORD-2186,2025-05-19,7,5,1,340,0.05,153.0
ORD-2187,2025-09-28,1,3,2,52000,0.1,40560.0
ORD-2188,2025-06-29,2,2,2,2400,0.05,1488.0
ORD-2189,2025-07-06,1,3,4,52000,0.15,40560.0
ORD-2190,2025-09-14,12,7,4,3200,0.1,2080.0
ORD-2191,2025-04-12,10,5,3,1800,0.1,1080.0
ORD-2192,2025-05-30,4,3,1,6800,0.1,5032.0
ORD-2193,2025-05-19,7,4,1,340,0,153.0
ORD-2194,2025-12-29,10,6,2,1800,0.15,1080.0
ORD-2195,2025-03-11,1,6,1,52000,0.05,40560.0
ORD-2196,2025-03-12,8,3,4,190,0,79.8
ORD-2197,2025-10-07,3,1,3,4500,0.05,3060.0
ORD-2198,2025-04-07,7,1,1,340,0,153.0
ORD-2199,2025-08-25,6,1,1,3800,0.1,2660.0
ORD-2200,2025-02-18,11,7,4,650,0,331.5
ORD-2201,2025-10-27,8,3,2,190,0,79.8
ORD-2202,2025-05-30,3,7,4,4500,0.05,3060.0
ORD-2203,2025-11-24,7,1,4,340,0.15,153.0
ORD-2204,2025-08-24,10,7,1,1800,0,1080.0
ORD-2205,2025-03-08,6,4,3,3800,0.05,2660.0
ORD-2206,2025-01-20,7,1,1,340,0,153.0
ORD-2207,2025-03-07,5,2,4,9200,0,7084.0
ORD-2208,2025-10-14,3,3,3,4500,0.05,3060.0
ORD-2209,2025-11-02,5,1,4,9200,0,7084.0
ORD-2210,2025-10-27,2,3,4,2400,0,1488.0
ORD-2211,2025-10-21,7,2,1,340,0,153.0
ORD-2212,2025-09-13,11,3,4,650,0,331.5
ORD-2213,2025-12-13,7,3,1,340,0.05,153.0
ORD-2214,2025-10-04,10,3,4,1800,0.15,1080.0
ORD-2215,2025-07-11,9,6,3,720,0,396.0
ORD-2216,2025-12-18,7,1,1,340,0,153.0
ORD-2217,2025-12-23,10,4,3,1800,0,1080.0
ORD-2218,2025-09-28,8,3,4,190,0,79.8
ORD-2219,2025-01-28,8,1,4,190,0.05,79.8
ORD-2220,2025-09-12,5,5,4,9200,0.05,7084.0
ORD-2221,2025-11-01,9,2,3,720,0,396.0
ORD-2222,2025-07-15,6,4,3,3800,0,2660.0
ORD-2223,2025-06-02,9,1,4,720,0,396.0
ORD-2224,2025-08-05,12,3,2,3200,0.1,2080.0
ORD-2225,2025-05-15,12,4,2,3200,0.15,2080.0
ORD-2226,2025-01-11,6,4,1,3800,0,2660.0
ORD-2227,2025-10-26,2,8,4,2400,0.15,1488.0
ORD-2228,2025-02-21,12,3,3,3200,0.1,2080.0
ORD-2229,2025-03-24,5,8,1,9200,0.1,7084.0
ORD-2230,2025-11-19,5,4,3,9200,0.15,7084.0
ORD-2231,2025-11-08,12,4,1,3200,0.05,2080.0
ORD-2232,2025-04-30,7,2,3,340,0,153.0
ORD-2233,2025-10-20,7,2,2,340,0.05,153.0
ORD-2234,2025-07-01,7,2,2,340,0.05,153.0
ORD-2235,2025-09-21,6,2,1,3800,0,2660.0
ORD-2236,2025-10-08,2,7,3,2400,0.15,1488.0
ORD-2237,2025-09-21,10,3,3,1800,0.15,1080.0
ORD-2238,2025-12-01,6,3,3,3800,0.05,2660.0
ORD-2239,2025-07-15,12,4,4,3200,0,2080.0
ORD-2240,2025-03-13,5,5,4,9200,0,7084.0
ORD-2241,2025-09-03,11,8,4,650,0.15,331.5
ORD-2242,2025-02-24,9,2,3,720,0.05,396.0
ORD-2243,2025-05-22,8,5,1,190,0,79.8
ORD-2244,2025-03-12,10,8,4,1800,0.1,1080.0
ORD-2245,2025-01-10,9,3,4,720,0,396.0
ORD-2246,2025-08-13,10,3,1,1800,0,1080.0
ORD-2247,2025-04-04,10,7,3,1800,0,1080.0
ORD-2248,2025-11-24,7,6,4,340,0.05,153.0
ORD-2249,2025-07-20,5,5,3,9200,0.05,7084.0
ORD-2250,2025-10-22,11,4,3,650,0.15,331.5
ORD-2251,2025-06-28,7,2,4,340,0.1,153.0
ORD-2252,2025-12-06,3,1,4,4500,0.05,3060.0
ORD-2253,2025-11-25,8,3,2,190,0,79.8
ORD-2254,2025-10-14,7,5,2,340,0,153.0
ORD-2255,2025-03-20,9,4,1,720,0.15,396.0
ORD-2256,2025-07-01,6,4,2,3800,0,2660.0
ORD-2257,2025-07-03,6,7,1,3800,0.15,2660.0
ORD-2258,2025-10-18,9,3,2,720,0,396.0
ORD-2259,2025-10-08,3,2,4,4500,0,3060.0
ORD-2260,2025-05-29,1,3,2,52000,0.15,40560.0
ORD-2261,2025-04-20,8,8,2,190,0,79.8
ORD-2262,2025-08-04,10,2,3,1800,0,1080.0
ORD-2263,2025-10-03,1,7,1,52000,0.1,40560.0
ORD-2264,2025-12-28,7,8,1,340,0.1,153.0
ORD-2265,2025-12-18,2,3,1,2400,0.1,1488.0
ORD-2266,2025-10-10,7,3,1,340,0.05,153.0
ORD-2267,2025-12-21,11,6,4,650,0.1,331.5
ORD-2268,2025-02-28,5,3,1,9200,0,7084.0
ORD-2269,2025-10-05,4,2,4,6800,0,5032.0
ORD-2270,2025-06-23,2,6,4,2400,0.1,1488.0
ORD-2271,2025-11-11,5,6,4,9200,0.05,7084.0
ORD-2272,2025-10-19,5,1,1,9200,0,7084.0
ORD-2273,2025-05-08,6,2,3,3800,0.05,2660.0
ORD-2274,2025-10-19,11,5,3,650,0.1,331.5
ORD-2275,2025-10-05,12,4,2,3200,0,2080.0
ORD-2276,2025-11-09,11,7,2,650,0,331.5
ORD-2277,2025-09-05,10,3,1,1800,0.05,1080.0
ORD-2278,2025-08-28,9,5,4,720,0.1,396.0
ORD-2279,2025-03-12,11,7,2,650,0.15,331.5
ORD-2280,2025-05-12,7,7,4,340,0,153.0
ORD-2281,2025-07-16,7,3,1,340,0,153.0
ORD-2282,2025-05-08,3,6,3,4500,0.15,3060.0
ORD-2283,2025-11-21,4,3,3,6800,0.1,5032.0
ORD-2284,2025-12-30,1,3,2,52000,0,40560.0
ORD-2285,2025-01-21,2,1,3,2400,0.15,1488.0
ORD-2286,2025-08-18,12,3,1,3200,0,2080.0
ORD-2287,2025-08-08,5,2,2,9200,0,7084.0
ORD-2288,2025-10-06,1,2,3,52000,0.15,40560.0
ORD-2289,2025-10-24,2,2,2,2400,0.15,1488.0
ORD-2290,2025-04-08,10,1,4,1800,0.1,1080.0
ORD-2291,2025-12-02,6,3,1,3800,0,2660.0
ORD-2292,2025-07-16,4,4,1,6800,0.15,5032.0
ORD-2293,2025-09-10,10,3,1,1800,0.15,1080.0
ORD-2294,2025-12-24,8,6,2,190,0.15,79.8
ORD-2295,2025-09-15,1,4,3,52000,0.1,40560.0
ORD-2296,2025-08-06,6,2,4,3800,0.15,2660.0
ORD-2297,2025-09-09,9,2,2,720,0.05,396.0
ORD-2298,2025-09-10,11,8,4,650,0,331.5
ORD-2299,2025-12-16,1,3,3,52000,0.15,40560.0
ORD-2300,2025-03-03,7,8,3,340,0,153.0
ORD-2301,2025-07-21,11,6,2,650,0,331.5
ORD-2302,2025-11-07,5,6,3,9200,0.05,7084.0
ORD-2303,2025-07-22,5,5,2,9200,0.15,7084.0
ORD-2304,2025-05-07,7,5,2,340,0,153.0
ORD-2305,2025-03-31,9,6,4,720,0.15,396.0
ORD-2306,2025-11-09,4,8,3,6800,0.1,5032.0
ORD-2307,2025-11-12,3,5,3,4500,0.05,3060.0
ORD-2308,2025-11-11,8,4,3,190,0.1,79.8
ORD-2309,2025-11-01,7,3,1,340,0.1,153.0
ORD-2310,2025-11-15,5,2,1,9200,0,7084.0
ORD-2311,2025-10-10,6,3,1,3800,0.05,2660.0
ORD-2312,2025-06-18,9,5,2,720,0,396.0
ORD-2313,2025-07-09,2,1,1,2400,0,1488.0
ORD-2314,2025-10-31,12,6,4,3200,0,2080.0
ORD-2315,2025-06-30,12,2,4,3200,0,2080.0
ORD-2316,2025-09-13,1,5,1,52000,0,40560.0
ORD-2317,2025-05-12,8,3,3,190,0,79.8
ORD-2318,2025-12-03,6,7,4,3800,0,2660.0
ORD-2319,2025-09-19,4,2,1,6800,0.1,5032.0
ORD-2320,2025-09-25,11,4,3,650,0.15,331.5
ORD-2321,2025-05-01,3,8,1,4500,0.05,3060.0
ORD-2322,2025-06-25,8,2,2,190,0,79.8
ORD-2323,2025-04-12,6,2,2,3800,0.05,2660.0
ORD-2324,2025-10-01,3,3,1,4500,0.1,3060.0
ORD-2325,2025-11-26,1,3,1,52000,0.15,40560.0
ORD-2326,2025-09-02,9,4,3,720,0.15,396.0
ORD-2327,2025-09-21,2,1,1,2400,0.15,1488.0
ORD-2328,2025-08-04,9,7,2,720,0.15,396.0
ORD-2329,2025-02-15,10,6,2,1800,0,1080.0
ORD-2330,2025-07-09,8,5,4,190,0,79.8
ORD-2331,2025-02-21,10,4,3,1800,0.1,1080.0
ORD-2332,2025-10-27,7,4,1,340,0.1,153.0
ORD-2333,2025-01-27,7,2,1,340,0,153.0
ORD-2334,2025-07-09,4,3,3,6800,0.15,5032.0
ORD-2335,2025-10-25,10,1,3,1800,0.15,1080.0
ORD-2336,2025-11-07,5,1,2,9200,0,7084.0
ORD-2337,2025-09-28,1,3,2,52000,0.15,40560.0
ORD-2338,2025-02-28,6,2,2,3800,0,2660.0
ORD-2339,2025-03-09,4,1,2,6800,0.05,5032.0
ORD-2340,2025-12-31,8,1,1,190,0.1,79.8
ORD-2341,2025-11-28,12,1,2,3200,0.1,2080.0
ORD-2342,2025-07-07,4,6,4,6800,0.15,5032.0
ORD-2343,2025-02-06,9,6,1,720,0,396.0
ORD-2344,2025-02-16,12,3,3,3200,0.05,2080.0
ORD-2345,2025-04-03,9,2,3,720,0.1,396.0
ORD-2346,2025-02-15,1,6,1,52000,0.1,40560.0
ORD-2347,2025-06-28,2,8,3,2400,0.05,1488.0
ORD-2348,2025-11-14,11,8,3,650,0,331.5
ORD-2349,2025-02-21,7,8,4,340,0,153.0
ORD-2350,2025-05-21,6,7,1,3800,0,2660.0
ORD-2351,2025-03-01,3,5,2,4500,0,3060.0
ORD-2352,2025-11-02,10,3,2,1800,0.05,1080.0
ORD-2353,2025-07-06,7,8,2,340,0,153.0
ORD-2354,2025-12-24,11,7,2,650,0.05,331.5
ORD-2355,2025-02-06,1,2,4,52000,0,40560.0
ORD-2356,2025-09-30,5,6,3,9200,0,7084.0
ORD-2357,2025-06-29,8,7,1,190,0,79.8
ORD-2358,2025-01-13,10,1,2,1800,0,1080.0
ORD-2359,2025-06-08,2,1,4,2400,0,1488.0
ORD-2360,2025-07-14,9,7,4,720,0,396.0
ORD-2361,2025-11-01,5,7,4,9200,0.1,7084.0
ORD-2362,2025-04-11,11,5,3,650,0.15,331.5
ORD-2363,2025-02-16,12,2,2,3200,0,2080.0
ORD-2364,2025-03-31,3,6,2,4500,0,3060.0
ORD-2365,2025-10-10,10,2,1,1800,0,1080.0
ORD-2366,2025-03-22,5,5,3,9200,0.1,7084.0
ORD-2367,2025-08-19,5,3,2,9200,0.05,7084.0
ORD-2368,2025-10-19,12,5,1,3200,0.1,2080.0
ORD-2369,2025-11-06,1,7,2,52000,0,40560.0
ORD-2370,2025-04-13,6,3,1,3800,0.15,2660.0
ORD-2371,2025-11-07,11,8,4,650,0.1,331.5
ORD-2372,2025-07-09,9,6,4,720,0,396.0
ORD-2373,2025-10-17,6,2,3,3800,0,2660.0
ORD-2374,2025-11-16,9,5,4,720,0,396.0
ORD-2375,2025-06-17,5,3,1,9200,0.05,7084.0
ORD-2376,2025-01-18,3,8,1,4500,0,3060.0
ORD-2377,2025-11-04,9,7,3,720,0,396.0
ORD-2378,2025-05-14,9,2,1,720,0.15,396.0
ORD-2379,2025-11-29,9,7,2,720,0,396.0
ORD-2380,2025-04-01,4,4,3,6800,0.15,5032.0
ORD-2381,2025-03-28,9,3,1,720,0.15,396.0
ORD-2382,2025-04-17,3,1,3,4500,0,3060.0
ORD-2383,2025-03-21,10,4,2,1800,0,1080.0
ORD-2384,2025-12-14,4,8,3,6800,0,5032.0
ORD-2385,2025-12-10,7,3,4,340,0.1,153.0
ORD-2386,2025-03-31,5,2,1,9200,0,7084.0
ORD-2387,2025-08-10,4,6,1,6800,0,5032.0
ORD-2388,2025-03-16,3,6,2,4500,0.1,3060.0
ORD-2389,2025-09-13,10,7,2,1800,0,1080.0
ORD-2390,2025-02-09,3,5,4,4500,0,3060.0
ORD-2391,2025-09-22,3,1,2,4500,0.1,3060.0
ORD-2392,2025-05-11,1,2,1,52000,0.15,40560.0
ORD-2393,2025-02-21,10,5,4,1800,0,1080.0
ORD-2394,2025-05-04,9,1,4,720,0,396.0
ORD-2395,2025-12-30,12,8,3,3200,0.05,2080.0
ORD-2396,2025-01-27,5,3,1,9200,0.1,7084.0
ORD-2397,2025-03-23,12,2,4,3200,0.05,2080.0
ORD-2398,2025-02-24,10,7,3,1800,0,1080.0
ORD-2399,2025-10-27,12,1,4,3200,0.1,2080.0
ORD-2400,2025-02-25,5,5,3,9200,0.05,7084.0
ORD-0001,2025-09-01,12,2,3,3200,0,2080.0
ORD-0002,2025-10-22,12,3,1,3200,0.15,2080.0
ORD-0003,2025-01-07,4,2,1,6800,0.15,5032.0
ORD-0004,2025-10-18,7,4,2,340,0.1,153.0
ORD-0005,2025-11-01,3,2,4,4500,0.05,3060.0
ORD-0006,2025-04-25,6,3,1,3800,0,2660.0
ORD-0007,2025-06-12,10,5,3,1800,0,1080.0
ORD-0008,2025-08-30,7,2,1,340,0.15,153.0
